pair,init_seed,noise_seed,perturb_site,final_hamming,peak_hamming,time_to_peak,short_lam,late_damage,sustained_zero,sync_time,model,model_tag,arch,window,temp,L,steps,pairs,absorbing
0,3,11,1,21.0,29.0,61,0.3206186696826921,0.4571078431372549,0,,distilroberta-base,distilroberta-base,local,1,0.6,48,80,8,0
1,5003,5011,8,0.0,26.0,14,0.354151668007027,0.041666666666666664,0,78,distilroberta-base,distilroberta-base,local,1,0.6,48,80,8,0
2,10003,10011,15,0.0,2.0,3,0.23104906018664842,0.0,1,28,distilroberta-base,distilroberta-base,local,1,0.6,48,80,8,0
3,15003,15011,22,0.0,2.0,4,0.17328679513998632,0.0,1,11,distilroberta-base,distilroberta-base,local,1,0.6,48,80,8,0
4,20003,20011,29,0.0,2.0,2,0.34657359027997264,0.0,1,23,distilroberta-base,distilroberta-base,local,1,0.6,48,80,8,0
5,25003,25011,36,0.0,1.0,0,0.0,0.0,1,1,distilroberta-base,distilroberta-base,local,1,0.6,48,80,8,0
6,30003,30011,43,0.0,2.0,5,0.13862943611198905,0.0,1,9,distilroberta-base,distilroberta-base,local,1,0.6,48,80,8,0
7,35003,35011,2,0.0,10.0,4,0.5756462732485115,0.0,1,13,distilroberta-base,distilroberta-base,local,1,0.6,48,80,8,0
0,3,11,1,0.0,16.0,11,0.3298821662019073,0.0,1,41,distilroberta-base,distilroberta-base,local,1,0.8,48,80,8,0
1,5003,5011,8,0.0,2.0,1,0.6931471805599453,0.0,1,5,distilroberta-base,distilroberta-base,local,1,0.8,48,80,8,0
2,10003,10011,15,0.0,1.0,0,0.0,0.0,1,2,distilroberta-base,distilroberta-base,local,1,0.8,48,80,8,0
3,15003,15011,22,0.0,1.0,0,0.0,0.0,1,1,distilroberta-base,distilroberta-base,local,1,0.8,48,80,8,0
4,20003,20011,29,0.0,2.0,2,0.34657359027997264,0.0,1,6,distilroberta-base,distilroberta-base,local,1,0.8,48,80,8,0
5,25003,25011,36,0.0,1.0,0,0.0,0.0,1,1,distilroberta-base,distilroberta-base,local,1,0.8,48,80,8,0
6,30003,30011,43,0.0,1.0,0,0.0,0.0,1,1,distilroberta-base,distilroberta-base,local,1,0.8,48,80,8,0
7,35003,35011,2,0.0,10.0,1,2.302585092994046,0.0,1,16,distilroberta-base,distilroberta-base,local,1,0.8,48,80,8,0
0,3,11,1,0.0,15.0,39,0.31061333122350004,0.0,1,52,distilroberta-base,distilroberta-base,local,1,1.0,48,80,8,0
1,5003,5011,8,0.0,4.0,1,1.3862943611198906,0.0,1,20,distilroberta-base,distilroberta-base,local,1,1.0,48,80,8,0
2,10003,10011,15,0.0,1.0,0,0.0,0.0,1,3,distilroberta-base,distilroberta-base,local,1,1.0,48,80,8,0
3,15003,15011,22,0.0,1.0,0,0.0,0.0,1,1,distilroberta-base,distilroberta-base,local,1,1.0,48,80,8,0
4,20003,20011,29,0.0,1.0,0,0.0,0.0,1,1,distilroberta-base,distilroberta-base,local,1,1.0,48,80,8,0
5,25003,25011,36,0.0,1.0,0,0.0,0.0,1,1,distilroberta-base,distilroberta-base,local,1,1.0,48,80,8,0
6,30003,30011,43,0.0,1.0,0,0.0,0.0,1,2,distilroberta-base,distilroberta-base,local,1,1.0,48,80,8,0
7,35003,35011,2,0.0,5.0,1,1.6094379124341003,0.0,1,7,distilroberta-base,distilroberta-base,local,1,1.0,48,80,8,0
0,3,11,1,0.0,12.0,6,0.41415110829800006,0.0,1,18,distilroberta-base,distilroberta-base,local,1,1.2,48,80,8,0
1,5003,5011,8,0.0,5.0,1,1.6094379124341003,0.0,1,6,distilroberta-base,distilroberta-base,local,1,1.2,48,80,8,0
2,10003,10011,15,0.0,1.0,0,0.0,0.0,1,2,distilroberta-base,distilroberta-base,local,1,1.2,48,80,8,0
3,15003,15011,22,0.0,2.0,3,0.23104906018664842,0.0,1,5,distilroberta-base,distilroberta-base,local,1,1.2,48,80,8,0
4,20003,20011,29,0.0,1.0,0,0.0,0.0,1,1,distilroberta-base,distilroberta-base,local,1,1.2,48,80,8,0
5,25003,25011,36,0.0,1.0,0,0.0,0.0,1,2,distilroberta-base,distilroberta-base,local,1,1.2,48,80,8,0
6,30003,30011,43,0.0,1.0,0,0.0,0.0,1,5,distilroberta-base,distilroberta-base,local,1,1.2,48,80,8,0
7,35003,35011,2,0.0,5.0,2,0.8047189562170501,0.0,1,6,distilroberta-base,distilroberta-base,local,1,1.2,48,80,8,0
0,3,11,1,0.0,10.0,4,0.5756462732485115,0.0,1,12,distilroberta-base,distilroberta-base,local,1,1.4,48,80,8,0
1,5003,5011,8,0.0,11.0,7,0.34255646754262437,0.0,1,14,distilroberta-base,distilroberta-base,local,1,1.4,48,80,8,0
2,10003,10011,15,0.0,1.0,0,0.0,0.0,1,1,distilroberta-base,distilroberta-base,local,1,1.4,48,80,8,0
3,15003,15011,22,0.0,2.0,3,0.23104906018664842,0.0,1,5,distilroberta-base,distilroberta-base,local,1,1.4,48,80,8,0
4,20003,20011,29,0.0,1.0,0,0.0,0.0,1,1,distilroberta-base,distilroberta-base,local,1,1.4,48,80,8,0
5,25003,25011,36,0.0,1.0,0,0.0,0.0,1,1,distilroberta-base,distilroberta-base,local,1,1.4,48,80,8,0
6,30003,30011,43,0.0,1.0,0,0.0,0.0,1,1,distilroberta-base,distilroberta-base,local,1,1.4,48,80,8,0
7,35003,35011,2,0.0,6.0,1,1.791759469228055,0.0,1,7,distilroberta-base,distilroberta-base,local,1,1.4,48,80,8,0
0,3,11,1,29.0,34.0,75,0.40726206725268527,0.5968137254901961,0,,distilroberta-base,distilroberta-base,local,2,0.6,48,80,8,0
1,5003,5011,8,33.0,35.0,6,0.5925580102482356,0.6593137254901961,0,,distilroberta-base,distilroberta-base,local,2,0.6,48,80,8,0
2,10003,10011,15,23.0,37.0,22,0.29973690909979633,0.5171568627450981,0,,distilroberta-base,distilroberta-base,local,2,0.6,48,80,8,0
3,15003,15011,22,28.0,36.0,20,0.24323876863191415,0.5649509803921569,0,,distilroberta-base,distilroberta-base,local,2,0.6,48,80,8,0
4,20003,20011,29,28.0,36.0,64,0.28782313662425574,0.6188725490196079,0,,distilroberta-base,distilroberta-base,local,2,0.6,48,80,8,0
5,25003,25011,36,0.0,1.0,0,0.0,0.0,1,1,distilroberta-base,distilroberta-base,local,2,0.6,48,80,8,0
6,30003,30011,43,21.0,37.0,21,0.40726206725268527,0.613970588235294,0,,distilroberta-base,distilroberta-base,local,2,0.6,48,80,8,0
7,35003,35011,2,41.0,41.0,47,0.45136473908052804,0.8259803921568628,0,,distilroberta-base,distilroberta-base,local,2,0.6,48,80,8,0
0,3,11,1,29.0,34.0,74,0.40726206725268527,0.6262254901960784,0,,distilroberta-base,distilroberta-base,local,2,0.8,48,80,8,0
1,5003,5011,8,30.0,38.0,73,0.41197960825054114,0.6507352941176471,0,,distilroberta-base,distilroberta-base,local,2,0.8,48,80,8,0
2,10003,10011,15,35.0,35.0,55,0.36805487239580503,0.6482843137254902,0,,distilroberta-base,distilroberta-base,local,2,0.8,48,80,8,0
3,15003,15011,22,30.0,35.0,52,0.22396993365350687,0.6274509803921569,0,,distilroberta-base,distilroberta-base,local,2,0.8,48,80,8,0
4,20003,20011,29,0.0,1.0,0,0.0,0.0,1,5,distilroberta-base,distilroberta-base,local,2,0.8,48,80,8,0
5,25003,25011,36,0.0,1.0,0,0.0,0.0,1,1,distilroberta-base,distilroberta-base,local,2,0.8,48,80,8,0
6,30003,30011,43,0.0,2.0,1,0.6931471805599453,0.0,1,3,distilroberta-base,distilroberta-base,local,2,0.8,48,80,8,0
7,35003,35011,2,31.0,36.0,38,0.41197960825054114,0.6200980392156863,0,,distilroberta-base,distilroberta-base,local,2,0.8,48,80,8,0
0,3,11,1,18.0,32.0,29,0.36129646973702056,0.3700980392156863,0,,distilroberta-base,distilroberta-base,local,2,1.0,48,80,8,0
1,5003,5011,8,16.0,28.0,22,0.36129646973702056,0.4338235294117647,0,,distilroberta-base,distilroberta-base,local,2,1.0,48,80,8,0
2,10003,10011,15,22.0,28.0,13,0.36129646973702056,0.4276960784313726,0,,distilroberta-base,distilroberta-base,local,2,1.0,48,80,8,0
3,15003,15011,22,27.0,28.0,29,0.0,0.4485294117647059,0,,distilroberta-base,distilroberta-base,local,2,1.0,48,80,8,0
4,20003,20011,29,0.0,1.0,0,0.0,0.0,1,1,distilroberta-base,distilroberta-base,local,2,1.0,48,80,8,0
5,25003,25011,36,0.0,4.0,3,0.46209812037329684,0.0,1,6,distilroberta-base,distilroberta-base,local,2,1.0,48,80,8,0
6,30003,30011,43,0.0,1.0,0,0.0,0.0,1,2,distilroberta-base,distilroberta-base,local,2,1.0,48,80,8,0
7,35003,35011,2,24.0,27.0,8,0.41197960825054114,0.4754901960784314,0,,distilroberta-base,distilroberta-base,local,2,1.0,48,80,8,0
0,3,11,1,0.0,21.0,11,0.31061333122350004,0.0,1,23,distilroberta-base,distilroberta-base,local,2,1.2,48,80,8,0
1,5003,5011,8,17.0,24.0,57,0.28782313662425574,0.2818627450980392,0,,distilroberta-base,distilroberta-base,local,2,1.2,48,80,8,0
2,10003,10011,15,0.0,4.0,3,0.46209812037329684,0.0,1,23,distilroberta-base,distilroberta-base,local,2,1.2,48,80,8,0
3,15003,15011,22,0.0,1.0,0,0.0,0.0,1,2,distilroberta-base,distilroberta-base,local,2,1.2,48,80,8,0
4,20003,20011,29,0.0,1.0,0,0.0,0.0,1,2,distilroberta-base,distilroberta-base,local,2,1.2,48,80,8,0
5,25003,25011,36,0.0,5.0,16,0.0,0.0,1,52,distilroberta-base,distilroberta-base,local,2,1.2,48,80,8,0
6,30003,30011,43,15.0,23.0,46,0.25993019270997947,0.3112745098039216,0,,distilroberta-base,distilroberta-base,local,2,1.2,48,80,8,0
7,35003,35011,2,13.0,23.0,17,0.3298821662019073,0.27818627450980393,0,,distilroberta-base,distilroberta-base,local,2,1.2,48,80,8,0
0,3,11,1,0.0,14.0,6,0.43984288826920975,0.0,1,17,distilroberta-base,distilroberta-base,local,2,1.4,48,80,8,0
1,5003,5011,8,0.0,20.0,17,0.25993019270997947,0.0,1,32,distilroberta-base,distilroberta-base,local,2,1.4,48,80,8,0
2,10003,10011,15,0.0,3.0,2,0.5493061443340549,0.0,1,7,distilroberta-base,distilroberta-base,local,2,1.4,48,80,8,0
3,15003,15011,22,0.0,5.0,6,0.26823965207235007,0.0,1,9,distilroberta-base,distilroberta-base,local,2,1.4,48,80,8,0
4,20003,20011,29,0.0,1.0,0,0.0,0.0,1,1,distilroberta-base,distilroberta-base,local,2,1.4,48,80,8,0
5,25003,25011,36,0.0,1.0,0,0.0,0.0,1,1,distilroberta-base,distilroberta-base,local,2,1.4,48,80,8,0
6,30003,30011,43,0.0,1.0,0,0.0,0.0,1,1,distilroberta-base,distilroberta-base,local,2,1.4,48,80,8,0
7,35003,35011,2,0.0,12.0,5,0.4969813299576001,0.0,1,12,distilroberta-base,distilroberta-base,local,2,1.4,48,80,8,0
0,3,11,1,48.0,48.0,20,0.3863803066697895,1.0,0,,distilroberta-base,distilroberta-base,local,3,0.6,48,80,8,0
1,5003,5011,8,48.0,48.0,15,0.4407950655770202,0.9938725490196078,0,,distilroberta-base,distilroberta-base,local,3,0.6,48,80,8,0
2,10003,10011,15,0.0,1.0,0,0.0,0.0,1,1,distilroberta-base,distilroberta-base,local,3,0.6,48,80,8,0
3,15003,15011,22,46.0,46.0,72,0.40235947810852507,0.9129901960784313,0,,distilroberta-base,distilroberta-base,local,3,0.6,48,80,8,0
4,20003,20011,29,48.0,48.0,17,0.4292484005606433,1.0,0,,distilroberta-base,distilroberta-base,local,3,0.6,48,80,8,0
5,25003,25011,36,48.0,48.0,22,0.42091197874830927,0.9987745098039215,0,,distilroberta-base,distilroberta-base,local,3,0.6,48,80,8,0
6,30003,30011,43,48.0,48.0,14,0.4444185076861767,0.9987745098039215,0,,distilroberta-base,distilroberta-base,local,3,0.6,48,80,8,0
7,35003,35011,2,48.0,48.0,17,0.4165255637719005,0.9987745098039215,0,,distilroberta-base,distilroberta-base,local,3,0.6,48,80,8,0
0,3,11,1,48.0,48.0,12,0.4332169878499658,0.9852941176470589,0,,distilroberta-base,distilroberta-base,local,3,0.8,48,80,8,0
1,5003,5011,8,47.0,48.0,51,0.37446653419424886,0.9607843137254902,0,,distilroberta-base,distilroberta-base,local,3,0.8,48,80,8,0
2,10003,10011,15,48.0,48.0,27,0.3805653047154279,0.9901960784313726,0,,distilroberta-base,distilroberta-base,local,3,0.8,48,80,8,0
3,15003,15011,22,48.0,48.0,17,0.4165255637719005,0.9963235294117646,0,,distilroberta-base,distilroberta-base,local,3,0.8,48,80,8,0
4,20003,20011,29,48.0,48.0,22,0.42091197874830927,0.9987745098039215,0,,distilroberta-base,distilroberta-base,local,3,0.8,48,80,8,0
5,25003,25011,36,48.0,48.0,17,0.3805653047154279,1.0,0,,distilroberta-base,distilroberta-base,local,3,0.8,48,80,8,0
6,30003,30011,43,47.0,48.0,20,0.3972567287934932,0.9938725490196078,0,,distilroberta-base,distilroberta-base,local,3,0.8,48,80,8,0
7,35003,35011,2,48.0,48.0,30,0.41197960825054114,0.9877450980392157,0,,distilroberta-base,distilroberta-base,local,3,0.8,48,80,8,0
0,3,11,1,46.0,48.0,25,0.41197960825054114,0.9595588235294118,0,,distilroberta-base,distilroberta-base,local,3,1.0,48,80,8,0
1,5003,5011,8,42.0,47.0,48,0.37446653419424886,0.9031862745098039,0,,distilroberta-base,distilroberta-base,local,3,1.0,48,80,8,0
2,10003,10011,15,48.0,48.0,40,0.3919367769911437,0.9987745098039215,0,,distilroberta-base,distilroberta-base,local,3,1.0,48,80,8,0
3,15003,15011,22,46.0,48.0,32,0.3805653047154279,0.9362745098039215,0,,distilroberta-base,distilroberta-base,local,3,1.0,48,80,8,0
4,20003,20011,29,46.0,48.0,40,0.40726206725268527,0.9338235294117646,0,,distilroberta-base,distilroberta-base,local,3,1.0,48,80,8,0
5,25003,25011,36,46.0,48.0,31,0.42514967270776943,0.9705882352941176,0,,distilroberta-base,distilroberta-base,local,3,1.0,48,80,8,0
6,30003,30011,43,48.0,48.0,34,0.37446653419424886,1.0,0,,distilroberta-base,distilroberta-base,local,3,1.0,48,80,8,0
7,35003,35011,2,47.0,48.0,52,0.42091197874830927,0.9877450980392157,0,,distilroberta-base,distilroberta-base,local,3,1.0,48,80,8,0
0,3,11,1,42.0,46.0,29,0.40235947810852507,0.9093137254901961,0,,distilroberta-base,distilroberta-base,local,3,1.2,48,80,8,0
1,5003,5011,8,43.0,48.0,77,0.42091197874830927,0.9350490196078431,0,,distilroberta-base,distilroberta-base,local,3,1.2,48,80,8,0
2,10003,10011,15,46.0,48.0,36,0.36129646973702056,0.9191176470588235,0,,distilroberta-base,distilroberta-base,local,3,1.2,48,80,8,0
3,15003,15011,22,34.0,48.0,25,0.37446653419424886,0.8602941176470589,0,,distilroberta-base,distilroberta-base,local,3,1.2,48,80,8,0
4,20003,20011,29,48.0,48.0,67,0.3863803066697895,0.9681372549019608,0,,distilroberta-base,distilroberta-base,local,3,1.2,48,80,8,0
5,25003,25011,36,47.0,48.0,29,0.36805487239580503,0.9558823529411765,0,,distilroberta-base,distilroberta-base,local,3,1.2,48,80,8,0
6,30003,30011,43,47.0,47.0,79,0.31061333122350004,0.8382352941176471,0,,distilroberta-base,distilroberta-base,local,3,1.2,48,80,8,0
7,35003,35011,2,45.0,48.0,18,0.42091197874830927,0.9178921568627452,0,,distilroberta-base,distilroberta-base,local,3,1.2,48,80,8,0
0,3,11,1,45.0,47.0,78,0.40726206725268527,0.875,0,,distilroberta-base,distilroberta-base,local,3,1.4,48,80,8,0
1,5003,5011,8,45.0,48.0,31,0.37446653419424886,0.9276960784313726,0,,distilroberta-base,distilroberta-base,local,3,1.4,48,80,8,0
2,10003,10011,15,37.0,45.0,52,0.36805487239580503,0.8198529411764706,0,,distilroberta-base,distilroberta-base,local,3,1.4,48,80,8,0
3,15003,15011,22,39.0,45.0,30,0.3805653047154279,0.8308823529411765,0,,distilroberta-base,distilroberta-base,local,3,1.4,48,80,8,0
4,20003,20011,29,43.0,46.0,78,0.3972567287934932,0.8688725490196078,0,,distilroberta-base,distilroberta-base,local,3,1.4,48,80,8,0
5,25003,25011,36,0.0,1.0,0,0.0,0.0,1,1,distilroberta-base,distilroberta-base,local,3,1.4,48,80,8,0
6,30003,30011,43,38.0,44.0,76,0.37446653419424886,0.8137254901960785,0,,distilroberta-base,distilroberta-base,local,3,1.4,48,80,8,0
7,35003,35011,2,39.0,45.0,52,0.36805487239580503,0.8186274509803922,0,,distilroberta-base,distilroberta-base,local,3,1.4,48,80,8,0
0,3,11,1,48.0,48.0,15,0.4444185076861767,0.9950980392156863,0,,distilroberta-base,distilroberta-base,local,4,0.6,48,80,8,0
1,5003,5011,8,47.0,47.0,80,0.4444185076861767,0.8835784313725491,0,,distilroberta-base,distilroberta-base,local,4,0.6,48,80,8,0
2,10003,10011,15,46.0,48.0,23,0.4332169878499658,0.9693627450980392,0,,distilroberta-base,distilroberta-base,local,4,0.6,48,80,8,0
3,15003,15011,22,48.0,48.0,38,0.4579452057662058,1.0,0,,distilroberta-base,distilroberta-base,local,4,0.6,48,80,8,0
4,20003,20011,29,27.0,48.0,14,0.4407950655770202,0.6715686274509803,0,,distilroberta-base,distilroberta-base,local,4,0.6,48,80,8,0
5,25003,25011,36,44.0,45.0,60,0.354151668007027,0.9325980392156863,0,,distilroberta-base,distilroberta-base,local,4,0.6,48,80,8,0
6,30003,30011,43,46.0,48.0,66,0.4546982699657982,0.9718137254901961,0,,distilroberta-base,distilroberta-base,local,4,0.6,48,80,8,0
7,35003,35011,2,48.0,48.0,66,0.4407950655770202,0.9963235294117646,0,,distilroberta-base,distilroberta-base,local,4,0.6,48,80,8,0
0,3,11,1,35.0,48.0,14,0.4546982699657982,0.8088235294117646,0,,distilroberta-base,distilroberta-base,local,4,0.8,48,80,8,0
1,5003,5011,8,43.0,43.0,13,0.4407950655770202,0.801470588235294,0,,distilroberta-base,distilroberta-base,local,4,0.8,48,80,8,0
2,10003,10011,15,47.0,48.0,14,0.42091197874830927,0.9987745098039215,0,,distilroberta-base,distilroberta-base,local,4,0.8,48,80,8,0
3,15003,15011,22,48.0,48.0,15,0.46720870228542105,0.9963235294117646,0,,distilroberta-base,distilroberta-base,local,4,0.8,48,80,8,0
4,20003,20011,29,48.0,48.0,13,0.4444185076861767,1.0,0,,distilroberta-base,distilroberta-base,local,4,0.8,48,80,8,0
5,25003,25011,36,48.0,48.0,48,0.4332169878499658,1.0,0,,distilroberta-base,distilroberta-base,local,4,0.8,48,80,8,0
6,30003,30011,43,48.0,48.0,15,0.4444185076861767,1.0,0,,distilroberta-base,distilroberta-base,local,4,0.8,48,80,8,0
7,35003,35011,2,48.0,48.0,18,0.45136473908052804,1.0,0,,distilroberta-base,distilroberta-base,local,4,0.8,48,80,8,0
0,3,11,1,48.0,48.0,19,0.4579452057662058,0.988970588235294,0,,distilroberta-base,distilroberta-base,local,4,1.0,48,80,8,0
1,5003,5011,8,48.0,48.0,18,0.4332169878499658,1.0,0,,distilroberta-base,distilroberta-base,local,4,1.0,48,80,8,0
2,10003,10011,15,0.0,40.0,11,0.40726206725268527,0.0,1,57,distilroberta-base,distilroberta-base,local,4,1.0,48,80,8,0
3,15003,15011,22,47.0,48.0,21,0.4407950655770202,0.982843137254902,0,,distilroberta-base,distilroberta-base,local,4,1.0,48,80,8,0
4,20003,20011,29,48.0,48.0,26,0.4641965083380385,0.9289215686274509,0,,distilroberta-base,distilroberta-base,local,4,1.0,48,80,8,0
5,25003,25011,36,48.0,48.0,16,0.42091197874830927,0.9987745098039215,0,,distilroberta-base,distilroberta-base,local,4,1.0,48,80,8,0
6,30003,30011,43,48.0,48.0,35,0.45136473908052804,0.9865196078431372,0,,distilroberta-base,distilroberta-base,local,4,1.0,48,80,8,0
7,35003,35011,2,48.0,48.0,32,0.3972567287934932,0.9950980392156863,0,,distilroberta-base,distilroberta-base,local,4,1.0,48,80,8,0
0,3,11,1,48.0,48.0,28,0.42514967270776943,0.9926470588235294,0,,distilroberta-base,distilroberta-base,local,4,1.2,48,80,8,0
1,5003,5011,8,41.0,47.0,15,0.42514967270776943,0.8688725490196078,0,,distilroberta-base,distilroberta-base,local,4,1.2,48,80,8,0
2,10003,10011,15,40.0,46.0,14,0.3972567287934932,0.8517156862745098,0,,distilroberta-base,distilroberta-base,local,4,1.2,48,80,8,0
3,15003,15011,22,41.0,47.0,51,0.40235947810852507,0.9105392156862745,0,,distilroberta-base,distilroberta-base,local,4,1.2,48,80,8,0
4,20003,20011,29,46.0,48.0,20,0.4407950655770202,0.9938725490196078,0,,distilroberta-base,distilroberta-base,local,4,1.2,48,80,8,0
5,25003,25011,36,47.0,48.0,36,0.4444185076861767,0.9742647058823529,0,,distilroberta-base,distilroberta-base,local,4,1.2,48,80,8,0
6,30003,30011,43,48.0,48.0,21,0.42514967270776943,0.9987745098039215,0,,distilroberta-base,distilroberta-base,local,4,1.2,48,80,8,0
7,35003,35011,2,44.0,47.0,27,0.40235947810852507,0.9019607843137255,0,,distilroberta-base,distilroberta-base,local,4,1.2,48,80,8,0
0,3,11,1,38.0,46.0,35,0.40726206725268527,0.8321078431372548,0,,distilroberta-base,distilroberta-base,local,4,1.4,48,80,8,0
1,5003,5011,8,40.0,47.0,66,0.37446653419424886,0.9215686274509803,0,,distilroberta-base,distilroberta-base,local,4,1.4,48,80,8,0
2,10003,10011,15,38.0,43.0,61,0.40235947810852507,0.8026960784313726,0,,distilroberta-base,distilroberta-base,local,4,1.4,48,80,8,0
3,15003,15011,22,43.0,44.0,21,0.4292484005606433,0.8394607843137255,0,,distilroberta-base,distilroberta-base,local,4,1.4,48,80,8,0
4,20003,20011,29,46.0,46.0,75,0.4407950655770202,0.8762254901960785,0,,distilroberta-base,distilroberta-base,local,4,1.4,48,80,8,0
5,25003,25011,36,45.0,46.0,37,0.37446653419424886,0.875,0,,distilroberta-base,distilroberta-base,local,4,1.4,48,80,8,0
6,30003,30011,43,47.0,47.0,80,0.3863803066697895,0.8223039215686274,0,,distilroberta-base,distilroberta-base,local,4,1.4,48,80,8,0
7,35003,35011,2,37.0,45.0,38,0.4292484005606433,0.7806372549019608,0,,distilroberta-base,distilroberta-base,local,4,1.4,48,80,8,0
0,3,11,1,48.0,48.0,10,0.4730237042397826,1.0,0,,distilroberta-base,distilroberta-base,local,6,0.6,48,80,8,0
1,5003,5011,8,44.0,46.0,66,0.4579452057662058,0.8406862745098039,0,,distilroberta-base,distilroberta-base,local,6,0.6,48,80,8,0
2,10003,10011,15,0.0,35.0,7,0.507906865927059,0.0012254901960784314,1,65,distilroberta-base,distilroberta-base,local,6,0.6,48,80,8,0
3,15003,15011,22,17.0,34.0,7,0.5037657892308802,0.36764705882352944,0,,distilroberta-base,distilroberta-base,local,6,0.6,48,80,8,0
4,20003,20011,29,48.0,48.0,20,0.46720870228542105,1.0,0,,distilroberta-base,distilroberta-base,local,6,0.6,48,80,8,0
5,25003,25011,36,48.0,48.0,17,0.46720870228542105,1.0,0,,distilroberta-base,distilroberta-base,local,6,0.6,48,80,8,0
6,30003,30011,43,40.0,41.0,61,0.4292484005606433,0.8504901960784313,0,,distilroberta-base,distilroberta-base,local,6,0.6,48,80,8,0
7,35003,35011,2,48.0,48.0,26,0.46110993176424203,1.0,0,,distilroberta-base,distilroberta-base,local,6,0.6,48,80,8,0
0,3,11,1,48.0,48.0,12,0.4701500144616953,1.0,0,,distilroberta-base,distilroberta-base,local,6,0.8,48,80,8,0
1,5003,5011,8,48.0,48.0,14,0.4641965083380385,1.0,0,,distilroberta-base,distilroberta-base,local,6,0.8,48,80,8,0
2,10003,10011,15,48.0,48.0,11,0.47583281122128995,0.9877450980392157,0,,distilroberta-base,distilroberta-base,local,6,0.8,48,80,8,0
3,15003,15011,22,48.0,48.0,36,0.4407950655770202,1.0,0,,distilroberta-base,distilroberta-base,local,6,0.8,48,80,8,0
4,20003,20011,29,48.0,48.0,10,0.4730237042397826,1.0,0,,distilroberta-base,distilroberta-base,local,6,0.8,48,80,8,0
5,25003,25011,36,48.0,48.0,15,0.47583281122128995,1.0,0,,distilroberta-base,distilroberta-base,local,6,0.8,48,80,8,0
6,30003,30011,43,48.0,48.0,10,0.4730237042397826,1.0,0,,distilroberta-base,distilroberta-base,local,6,0.8,48,80,8,0
7,35003,35011,2,48.0,48.0,9,0.4812684502137573,1.0,0,,distilroberta-base,distilroberta-base,local,6,0.8,48,80,8,0
0,3,11,1,48.0,48.0,15,0.4730237042397826,1.0,0,,distilroberta-base,distilroberta-base,local,6,1.0,48,80,8,0
1,5003,5011,8,48.0,48.0,66,0.4641965083380385,0.9644607843137255,0,,distilroberta-base,distilroberta-base,local,6,1.0,48,80,8,0
2,10003,10011,15,43.0,48.0,13,0.4292484005606433,0.9142156862745098,0,,distilroberta-base,distilroberta-base,local,6,1.0,48,80,8,0
3,15003,15011,22,48.0,48.0,12,0.46720870228542105,1.0,0,,distilroberta-base,distilroberta-base,local,6,1.0,48,80,8,0
4,20003,20011,29,48.0,48.0,8,0.4839001263634864,1.0,0,,distilroberta-base,distilroberta-base,local,6,1.0,48,80,8,0
5,25003,25011,36,46.0,48.0,28,0.4579452057662058,0.954656862745098,0,,distilroberta-base,distilroberta-base,local,6,1.0,48,80,8,0
6,30003,30011,43,47.0,48.0,18,0.47583281122128995,0.9424019607843137,0,,distilroberta-base,distilroberta-base,local,6,1.0,48,80,8,0
7,35003,35011,2,48.0,48.0,25,0.4812684502137573,1.0,0,,distilroberta-base,distilroberta-base,local,6,1.0,48,80,8,0
0,3,11,1,48.0,48.0,23,0.4546982699657982,0.9987745098039215,0,,distilroberta-base,distilroberta-base,local,6,1.2,48,80,8,0
1,5003,5011,8,48.0,48.0,25,0.45136473908052804,0.9963235294117646,0,,distilroberta-base,distilroberta-base,local,6,1.2,48,80,8,0
2,10003,10011,15,0.0,1.0,0,0.0,0.0,1,2,distilroberta-base,distilroberta-base,local,6,1.2,48,80,8,0
3,15003,15011,22,48.0,48.0,35,0.4292484005606433,1.0,0,,distilroberta-base,distilroberta-base,local,6,1.2,48,80,8,0
4,20003,20011,29,48.0,48.0,34,0.46720870228542105,0.9987745098039215,0,,distilroberta-base,distilroberta-base,local,6,1.2,48,80,8,0
5,25003,25011,36,47.0,48.0,54,0.4407950655770202,0.9399509803921569,0,,distilroberta-base,distilroberta-base,local,6,1.2,48,80,8,0
6,30003,30011,43,47.0,48.0,58,0.44793986730701374,0.9914215686274509,0,,distilroberta-base,distilroberta-base,local,6,1.2,48,80,8,0
7,35003,35011,2,47.0,48.0,28,0.4165255637719005,0.9914215686274509,0,,distilroberta-base,distilroberta-base,local,6,1.2,48,80,8,0
0,3,11,1,47.0,47.0,79,0.4292484005606433,0.8811274509803922,0,,distilroberta-base,distilroberta-base,local,6,1.4,48,80,8,0
1,5003,5011,8,43.0,48.0,34,0.4546982699657982,0.9350490196078431,0,,distilroberta-base,distilroberta-base,local,6,1.4,48,80,8,0
2,10003,10011,15,41.0,46.0,40,0.44793986730701374,0.8308823529411765,0,,distilroberta-base,distilroberta-base,local,6,1.4,48,80,8,0
3,15003,15011,22,36.0,47.0,55,0.42091197874830927,0.8651960784313726,0,,distilroberta-base,distilroberta-base,local,6,1.4,48,80,8,0
4,20003,20011,29,47.0,48.0,51,0.45136473908052804,0.9840686274509803,0,,distilroberta-base,distilroberta-base,local,6,1.4,48,80,8,0
5,25003,25011,36,45.0,47.0,49,0.3919367769911437,0.892156862745098,0,,distilroberta-base,distilroberta-base,local,6,1.4,48,80,8,0
6,30003,30011,43,45.0,48.0,64,0.41197960825054114,0.9693627450980392,0,,distilroberta-base,distilroberta-base,local,6,1.4,48,80,8,0
7,35003,35011,2,46.0,48.0,54,0.4292484005606433,0.9252450980392157,0,,distilroberta-base,distilroberta-base,local,6,1.4,48,80,8,0
0,3,11,1,36.0,47.0,13,0.46720870228542105,0.829656862745098,0,,distilroberta-base,distilroberta-base,local,8,0.6,48,80,8,0
1,5003,5011,8,48.0,48.0,7,0.5530287158439845,1.0,0,,distilroberta-base,distilroberta-base,local,8,0.6,48,80,8,0
2,10003,10011,15,48.0,48.0,9,0.47583281122128995,1.0,0,,distilroberta-base,distilroberta-base,local,8,0.6,48,80,8,0
3,15003,15011,22,24.0,39.0,5,0.7327123292259292,0.4889705882352941,0,,distilroberta-base,distilroberta-base,local,8,0.6,48,80,8,0
4,20003,20011,29,48.0,48.0,10,0.4785801745611369,1.0,0,,distilroberta-base,distilroberta-base,local,8,0.6,48,80,8,0
5,25003,25011,36,48.0,48.0,13,0.4579452057662058,1.0,0,,distilroberta-base,distilroberta-base,local,8,0.6,48,80,8,0
6,30003,30011,43,48.0,48.0,11,0.4812684502137573,1.0,0,,distilroberta-base,distilroberta-base,local,8,0.6,48,80,8,0
7,35003,35011,2,48.0,48.0,7,0.5530287158439845,1.0,0,,distilroberta-base,distilroberta-base,local,8,0.6,48,80,8,0
0,3,11,1,48.0,48.0,15,0.4785801745611369,1.0,0,,distilroberta-base,distilroberta-base,local,8,0.8,48,80,8,0
1,5003,5011,8,48.0,48.0,13,0.42514967270776943,1.0,0,,distilroberta-base,distilroberta-base,local,8,0.8,48,80,8,0
2,10003,10011,15,48.0,48.0,13,0.4730237042397826,1.0,0,,distilroberta-base,distilroberta-base,local,8,0.8,48,80,8,0
3,15003,15011,22,48.0,48.0,7,0.5530287158439845,1.0,0,,distilroberta-base,distilroberta-base,local,8,0.8,48,80,8,0
4,20003,20011,29,48.0,48.0,14,0.4812684502137573,1.0,0,,distilroberta-base,distilroberta-base,local,8,0.8,48,80,8,0
5,25003,25011,36,48.0,48.0,18,0.4730237042397826,0.9938725490196078,0,,distilroberta-base,distilroberta-base,local,8,0.8,48,80,8,0
6,30003,30011,43,48.0,48.0,19,0.46720870228542105,1.0,0,,distilroberta-base,distilroberta-base,local,8,0.8,48,80,8,0
7,35003,35011,2,48.0,48.0,8,0.4839001263634864,1.0,0,,distilroberta-base,distilroberta-base,local,8,0.8,48,80,8,0
0,3,11,1,48.0,48.0,21,0.4701500144616953,1.0,0,,distilroberta-base,distilroberta-base,local,8,1.0,48,80,8,0
1,5003,5011,8,48.0,48.0,10,0.4641965083380385,1.0,0,,distilroberta-base,distilroberta-base,local,8,1.0,48,80,8,0
2,10003,10011,15,48.0,48.0,11,0.47583281122128995,1.0,0,,distilroberta-base,distilroberta-base,local,8,1.0,48,80,8,0
3,15003,15011,22,48.0,48.0,11,0.47583281122128995,1.0,0,,distilroberta-base,distilroberta-base,local,8,1.0,48,80,8,0
4,20003,20011,29,48.0,48.0,22,0.4730237042397826,1.0,0,,distilroberta-base,distilroberta-base,local,8,1.0,48,80,8,0
5,25003,25011,36,48.0,48.0,10,0.47583281122128995,1.0,0,,distilroberta-base,distilroberta-base,local,8,1.0,48,80,8,0
6,30003,30011,43,48.0,48.0,11,0.4641965083380385,0.9522058823529411,0,,distilroberta-base,distilroberta-base,local,8,1.0,48,80,8,0
7,35003,35011,2,0.0,42.0,5,0.7475339236566737,0.0,1,17,distilroberta-base,distilroberta-base,local,8,1.0,48,80,8,0
0,3,11,1,47.0,48.0,28,0.47583281122128995,0.9950980392156863,0,,distilroberta-base,distilroberta-base,local,8,1.2,48,80,8,0
1,5003,5011,8,48.0,48.0,15,0.4579452057662058,1.0,0,,distilroberta-base,distilroberta-base,local,8,1.2,48,80,8,0
2,10003,10011,15,46.0,48.0,18,0.4579452057662058,0.9154411764705882,0,,distilroberta-base,distilroberta-base,local,8,1.2,48,80,8,0
3,15003,15011,22,48.0,48.0,23,0.4407950655770202,0.9975490196078431,0,,distilroberta-base,distilroberta-base,local,8,1.2,48,80,8,0
4,20003,20011,29,48.0,48.0,24,0.4641965083380385,0.9975490196078431,0,,distilroberta-base,distilroberta-base,local,8,1.2,48,80,8,0
5,25003,25011,36,0.0,1.0,0,0.0,0.0,1,1,distilroberta-base,distilroberta-base,local,8,1.2,48,80,8,0
6,30003,30011,43,44.0,48.0,37,0.4444185076861767,0.9632352941176471,0,,distilroberta-base,distilroberta-base,local,8,1.2,48,80,8,0
7,35003,35011,2,32.0,41.0,11,0.4444185076861767,0.6384803921568628,0,,distilroberta-base,distilroberta-base,local,8,1.2,48,80,8,0
0,3,11,1,48.0,48.0,22,0.3919367769911437,0.9975490196078431,0,,distilroberta-base,distilroberta-base,local,8,1.4,48,80,8,0
1,5003,5011,8,46.0,48.0,77,0.4407950655770202,0.926470588235294,0,,distilroberta-base,distilroberta-base,local,8,1.4,48,80,8,0
2,10003,10011,15,0.0,1.0,0,0.0,0.0,1,1,distilroberta-base,distilroberta-base,local,8,1.4,48,80,8,0
3,15003,15011,22,48.0,48.0,23,0.4444185076861767,0.9987745098039215,0,,distilroberta-base,distilroberta-base,local,8,1.4,48,80,8,0
4,20003,20011,29,48.0,48.0,67,0.4579452057662058,0.9914215686274509,0,,distilroberta-base,distilroberta-base,local,8,1.4,48,80,8,0
5,25003,25011,36,40.0,45.0,42,0.41197960825054114,0.875,0,,distilroberta-base,distilroberta-base,local,8,1.4,48,80,8,0
6,30003,30011,43,45.0,48.0,66,0.43706344518331003,0.9705882352941176,0,,distilroberta-base,distilroberta-base,local,8,1.4,48,80,8,0
7,35003,35011,2,48.0,48.0,36,0.4546982699657982,0.9669117647058824,0,,distilroberta-base,distilroberta-base,local,8,1.4,48,80,8,0
