system,degree,config,capacity,capacity_thr
reservoir_T0.3,1,"((0, 1),)",0.2653697515741025,0.2653697515741025
reservoir_T0.3,2,"((0, 2),)",0.15452263855263604,0.15452263855263604
reservoir_T0.3,3,"((0, 3),)",0.179651833598103,0.179651833598103
reservoir_T0.3,4,"((0, 4),)",0.04266887314563472,0.04266887314563472
reservoir_T0.3,1,"((1, 1),)",0.013142297568992656,0.013142297568992656
reservoir_T0.3,2,"((1, 2),)",0.0,0.0
reservoir_T0.3,3,"((1, 3),)",0.0,0.0
reservoir_T0.3,4,"((1, 4),)",0.0,0.0
reservoir_T0.3,1,"((2, 1),)",0.0,0.0
reservoir_T0.3,2,"((2, 2),)",0.0,0.0
reservoir_T0.3,3,"((2, 3),)",0.0,0.0
reservoir_T0.3,4,"((2, 4),)",0.0,0.0
reservoir_T0.3,1,"((3, 1),)",0.0,0.0
reservoir_T0.3,2,"((3, 2),)",0.0,0.0
reservoir_T0.3,3,"((3, 3),)",0.0,0.0
reservoir_T0.3,4,"((3, 4),)",0.0,0.0
reservoir_T0.3,1,"((4, 1),)",0.0,0.0
reservoir_T0.3,2,"((4, 2),)",0.0,0.0
reservoir_T0.3,3,"((4, 3),)",0.0,0.0
reservoir_T0.3,4,"((4, 4),)",0.0,0.0
reservoir_T0.3,1,"((5, 1),)",0.0,0.0
reservoir_T0.3,2,"((5, 2),)",0.0,0.0
reservoir_T0.3,3,"((5, 3),)",0.0,0.0
reservoir_T0.3,4,"((5, 4),)",0.0,0.0
reservoir_T0.3,1,"((6, 1),)",0.0,0.0
reservoir_T0.3,2,"((6, 2),)",0.0,0.0
reservoir_T0.3,3,"((6, 3),)",0.0,0.0
reservoir_T0.3,4,"((6, 4),)",0.0,0.0
reservoir_T0.3,1,"((7, 1),)",0.0,0.0
reservoir_T0.3,2,"((7, 2),)",0.0,0.0
reservoir_T0.3,3,"((7, 3),)",0.0,0.0
reservoir_T0.3,4,"((7, 4),)",0.0,0.0
reservoir_T0.3,1,"((8, 1),)",0.0,0.0
reservoir_T0.3,2,"((8, 2),)",0.0,0.0
reservoir_T0.3,3,"((8, 3),)",0.0,0.0
reservoir_T0.3,4,"((8, 4),)",0.0,0.0
reservoir_T0.3,2,"((0, 1), (1, 1))",0.0,0.0
reservoir_T0.3,3,"((0, 1), (1, 2))",0.0,0.0
reservoir_T0.3,4,"((0, 1), (1, 3))",0.0,0.0
reservoir_T0.3,3,"((0, 2), (1, 1))",0.0,0.0
reservoir_T0.3,4,"((0, 2), (1, 2))",0.0,0.0
reservoir_T0.3,4,"((0, 3), (1, 1))",0.0,0.0
reservoir_T0.3,2,"((0, 1), (2, 1))",0.0,0.0
reservoir_T0.3,3,"((0, 1), (2, 2))",0.0,0.0
reservoir_T0.3,4,"((0, 1), (2, 3))",0.0,0.0
reservoir_T0.3,3,"((0, 2), (2, 1))",0.0,0.0
reservoir_T0.3,4,"((0, 2), (2, 2))",0.0,0.0
reservoir_T0.3,4,"((0, 3), (2, 1))",0.0,0.0
reservoir_T0.3,2,"((0, 1), (3, 1))",0.0,0.0
reservoir_T0.3,3,"((0, 1), (3, 2))",0.0,0.0
reservoir_T0.3,4,"((0, 1), (3, 3))",0.0,0.0
reservoir_T0.3,3,"((0, 2), (3, 1))",0.0,0.0
reservoir_T0.3,4,"((0, 2), (3, 2))",0.0,0.0
reservoir_T0.3,4,"((0, 3), (3, 1))",0.0,0.0
reservoir_T0.3,2,"((0, 1), (4, 1))",0.0,0.0
reservoir_T0.3,3,"((0, 1), (4, 2))",0.0,0.0
reservoir_T0.3,4,"((0, 1), (4, 3))",0.0,0.0
reservoir_T0.3,3,"((0, 2), (4, 1))",0.0,0.0
reservoir_T0.3,4,"((0, 2), (4, 2))",0.0,0.0
reservoir_T0.3,4,"((0, 3), (4, 1))",0.0,0.0
reservoir_T0.3,2,"((0, 1), (5, 1))",0.0,0.0
reservoir_T0.3,3,"((0, 1), (5, 2))",0.0,0.0
reservoir_T0.3,4,"((0, 1), (5, 3))",0.0,0.0
reservoir_T0.3,3,"((0, 2), (5, 1))",0.0,0.0
reservoir_T0.3,4,"((0, 2), (5, 2))",0.0,0.0
reservoir_T0.3,4,"((0, 3), (5, 1))",0.0,0.0
reservoir_T0.3,2,"((0, 1), (6, 1))",0.0,0.0
reservoir_T0.3,3,"((0, 1), (6, 2))",0.0,0.0
reservoir_T0.3,4,"((0, 1), (6, 3))",0.0,0.0
reservoir_T0.3,3,"((0, 2), (6, 1))",0.0,0.0
reservoir_T0.3,4,"((0, 2), (6, 2))",0.0,0.0
reservoir_T0.3,4,"((0, 3), (6, 1))",0.0,0.0
reservoir_T0.3,2,"((0, 1), (7, 1))",0.0,0.0
reservoir_T0.3,3,"((0, 1), (7, 2))",0.0,0.0
reservoir_T0.3,4,"((0, 1), (7, 3))",0.0,0.0
reservoir_T0.3,3,"((0, 2), (7, 1))",0.0,0.0
reservoir_T0.3,4,"((0, 2), (7, 2))",0.0,0.0
reservoir_T0.3,4,"((0, 3), (7, 1))",0.0,0.0
reservoir_T0.3,2,"((0, 1), (8, 1))",0.0,0.0
reservoir_T0.3,3,"((0, 1), (8, 2))",0.0,0.0
reservoir_T0.3,4,"((0, 1), (8, 3))",0.0,0.0
reservoir_T0.3,3,"((0, 2), (8, 1))",0.0,0.0
reservoir_T0.3,4,"((0, 2), (8, 2))",0.0,0.0
reservoir_T0.3,4,"((0, 3), (8, 1))",0.0,0.0
reservoir_T0.3,2,"((1, 1), (2, 1))",0.0,0.0
reservoir_T0.3,3,"((1, 1), (2, 2))",0.0,0.0
reservoir_T0.3,4,"((1, 1), (2, 3))",0.0,0.0
reservoir_T0.3,3,"((1, 2), (2, 1))",0.0,0.0
reservoir_T0.3,4,"((1, 2), (2, 2))",0.0,0.0
reservoir_T0.3,4,"((1, 3), (2, 1))",0.0,0.0
reservoir_T0.3,2,"((1, 1), (3, 1))",0.0,0.0
reservoir_T0.3,3,"((1, 1), (3, 2))",0.0,0.0
reservoir_T0.3,4,"((1, 1), (3, 3))",0.0,0.0
reservoir_T0.3,3,"((1, 2), (3, 1))",0.0,0.0
reservoir_T0.3,4,"((1, 2), (3, 2))",0.0,0.0
reservoir_T0.3,4,"((1, 3), (3, 1))",0.0,0.0
reservoir_T0.3,2,"((1, 1), (4, 1))",0.0,0.0
reservoir_T0.3,3,"((1, 1), (4, 2))",0.0,0.0
reservoir_T0.3,4,"((1, 1), (4, 3))",0.0,0.0
reservoir_T0.3,3,"((1, 2), (4, 1))",0.0,0.0
reservoir_T0.3,4,"((1, 2), (4, 2))",0.0,0.0
reservoir_T0.3,4,"((1, 3), (4, 1))",0.0,0.0
reservoir_T0.3,2,"((1, 1), (5, 1))",0.0,0.0
reservoir_T0.3,3,"((1, 1), (5, 2))",0.0,0.0
reservoir_T0.3,4,"((1, 1), (5, 3))",0.0,0.0
reservoir_T0.3,3,"((1, 2), (5, 1))",0.0,0.0
reservoir_T0.3,4,"((1, 2), (5, 2))",0.0,0.0
reservoir_T0.3,4,"((1, 3), (5, 1))",0.0,0.0
reservoir_T0.3,2,"((1, 1), (6, 1))",0.0,0.0
reservoir_T0.3,3,"((1, 1), (6, 2))",0.0,0.0
reservoir_T0.3,4,"((1, 1), (6, 3))",0.0,0.0
reservoir_T0.3,3,"((1, 2), (6, 1))",0.0,0.0
reservoir_T0.3,4,"((1, 2), (6, 2))",0.0,0.0
reservoir_T0.3,4,"((1, 3), (6, 1))",0.0,0.0
reservoir_T0.3,2,"((1, 1), (7, 1))",0.0,0.0
reservoir_T0.3,3,"((1, 1), (7, 2))",0.0,0.0
reservoir_T0.3,4,"((1, 1), (7, 3))",0.0,0.0
reservoir_T0.3,3,"((1, 2), (7, 1))",0.0,0.0
reservoir_T0.3,4,"((1, 2), (7, 2))",0.0,0.0
reservoir_T0.3,4,"((1, 3), (7, 1))",0.0,0.0
reservoir_T0.3,2,"((1, 1), (8, 1))",0.0,0.0
reservoir_T0.3,3,"((1, 1), (8, 2))",0.0,0.0
reservoir_T0.3,4,"((1, 1), (8, 3))",0.0,0.0
reservoir_T0.3,3,"((1, 2), (8, 1))",0.0,0.0
reservoir_T0.3,4,"((1, 2), (8, 2))",0.0,0.0
reservoir_T0.3,4,"((1, 3), (8, 1))",0.0,0.0
reservoir_T0.3,2,"((2, 1), (3, 1))",0.0,0.0
reservoir_T0.3,3,"((2, 1), (3, 2))",0.0,0.0
reservoir_T0.3,4,"((2, 1), (3, 3))",0.0,0.0
reservoir_T0.3,3,"((2, 2), (3, 1))",0.0,0.0
reservoir_T0.3,4,"((2, 2), (3, 2))",0.0,0.0
reservoir_T0.3,4,"((2, 3), (3, 1))",0.0,0.0
reservoir_T0.3,2,"((2, 1), (4, 1))",0.0,0.0
reservoir_T0.3,3,"((2, 1), (4, 2))",0.0,0.0
reservoir_T0.3,4,"((2, 1), (4, 3))",0.0,0.0
reservoir_T0.3,3,"((2, 2), (4, 1))",0.0,0.0
reservoir_T0.3,4,"((2, 2), (4, 2))",0.0,0.0
reservoir_T0.3,4,"((2, 3), (4, 1))",0.0,0.0
reservoir_T0.3,2,"((2, 1), (5, 1))",0.0,0.0
reservoir_T0.3,3,"((2, 1), (5, 2))",0.0,0.0
reservoir_T0.3,4,"((2, 1), (5, 3))",0.0,0.0
reservoir_T0.3,3,"((2, 2), (5, 1))",0.0,0.0
reservoir_T0.3,4,"((2, 2), (5, 2))",0.0,0.0
reservoir_T0.3,4,"((2, 3), (5, 1))",0.0,0.0
reservoir_T0.3,2,"((2, 1), (6, 1))",0.0,0.0
reservoir_T0.3,3,"((2, 1), (6, 2))",0.0,0.0
reservoir_T0.3,4,"((2, 1), (6, 3))",0.0,0.0
reservoir_T0.3,3,"((2, 2), (6, 1))",0.0,0.0
reservoir_T0.3,4,"((2, 2), (6, 2))",0.0,0.0
reservoir_T0.3,4,"((2, 3), (6, 1))",0.0,0.0
reservoir_T0.3,2,"((2, 1), (7, 1))",0.0,0.0
reservoir_T0.3,3,"((2, 1), (7, 2))",0.0,0.0
reservoir_T0.3,4,"((2, 1), (7, 3))",0.0,0.0
reservoir_T0.3,3,"((2, 2), (7, 1))",0.0,0.0
reservoir_T0.3,4,"((2, 2), (7, 2))",0.0,0.0
reservoir_T0.3,4,"((2, 3), (7, 1))",0.0,0.0
reservoir_T0.3,2,"((2, 1), (8, 1))",0.0,0.0
reservoir_T0.3,3,"((2, 1), (8, 2))",0.0,0.0
reservoir_T0.3,4,"((2, 1), (8, 3))",0.0,0.0
reservoir_T0.3,3,"((2, 2), (8, 1))",0.0,0.0
reservoir_T0.3,4,"((2, 2), (8, 2))",0.0,0.0
reservoir_T0.3,4,"((2, 3), (8, 1))",0.0,0.0
reservoir_T0.3,2,"((3, 1), (4, 1))",0.0,0.0
reservoir_T0.3,3,"((3, 1), (4, 2))",0.0,0.0
reservoir_T0.3,4,"((3, 1), (4, 3))",0.0,0.0
reservoir_T0.3,3,"((3, 2), (4, 1))",0.0,0.0
reservoir_T0.3,4,"((3, 2), (4, 2))",0.0,0.0
reservoir_T0.3,4,"((3, 3), (4, 1))",0.0,0.0
reservoir_T0.3,2,"((3, 1), (5, 1))",0.0,0.0
reservoir_T0.3,3,"((3, 1), (5, 2))",0.0,0.0
reservoir_T0.3,4,"((3, 1), (5, 3))",0.0,0.0
reservoir_T0.3,3,"((3, 2), (5, 1))",0.0,0.0
reservoir_T0.3,4,"((3, 2), (5, 2))",0.0,0.0
reservoir_T0.3,4,"((3, 3), (5, 1))",0.0,0.0
reservoir_T0.3,2,"((3, 1), (6, 1))",0.0,0.0
reservoir_T0.3,3,"((3, 1), (6, 2))",0.0,0.0
reservoir_T0.3,4,"((3, 1), (6, 3))",0.0,0.0
reservoir_T0.3,3,"((3, 2), (6, 1))",0.0,0.0
reservoir_T0.3,4,"((3, 2), (6, 2))",0.0,0.0
reservoir_T0.3,4,"((3, 3), (6, 1))",0.0,0.0
reservoir_T0.3,2,"((3, 1), (7, 1))",0.0,0.0
reservoir_T0.3,3,"((3, 1), (7, 2))",0.0,0.0
reservoir_T0.3,4,"((3, 1), (7, 3))",0.0,0.0
reservoir_T0.3,3,"((3, 2), (7, 1))",0.0,0.0
reservoir_T0.3,4,"((3, 2), (7, 2))",0.0,0.0
reservoir_T0.3,4,"((3, 3), (7, 1))",0.0,0.0
reservoir_T0.3,2,"((3, 1), (8, 1))",0.0,0.0
reservoir_T0.3,3,"((3, 1), (8, 2))",0.0,0.0
reservoir_T0.3,4,"((3, 1), (8, 3))",0.0,0.0
reservoir_T0.3,3,"((3, 2), (8, 1))",0.0,0.0
reservoir_T0.3,4,"((3, 2), (8, 2))",0.0,0.0
reservoir_T0.3,4,"((3, 3), (8, 1))",0.0,0.0
reservoir_T0.3,2,"((4, 1), (5, 1))",0.0,0.0
reservoir_T0.3,3,"((4, 1), (5, 2))",0.0,0.0
reservoir_T0.3,4,"((4, 1), (5, 3))",0.0,0.0
reservoir_T0.3,3,"((4, 2), (5, 1))",0.0,0.0
reservoir_T0.3,4,"((4, 2), (5, 2))",0.0,0.0
reservoir_T0.3,4,"((4, 3), (5, 1))",0.0,0.0
reservoir_T0.3,2,"((4, 1), (6, 1))",0.0,0.0
reservoir_T0.3,3,"((4, 1), (6, 2))",0.0,0.0
reservoir_T0.3,4,"((4, 1), (6, 3))",0.0,0.0
reservoir_T0.3,3,"((4, 2), (6, 1))",0.0,0.0
reservoir_T0.3,4,"((4, 2), (6, 2))",0.0,0.0
reservoir_T0.3,4,"((4, 3), (6, 1))",0.0,0.0
reservoir_T0.3,2,"((4, 1), (7, 1))",0.0,0.0
reservoir_T0.3,3,"((4, 1), (7, 2))",0.0,0.0
reservoir_T0.3,4,"((4, 1), (7, 3))",0.0,0.0
reservoir_T0.3,3,"((4, 2), (7, 1))",0.0,0.0
reservoir_T0.3,4,"((4, 2), (7, 2))",0.0,0.0
reservoir_T0.3,4,"((4, 3), (7, 1))",0.0,0.0
reservoir_T0.3,2,"((4, 1), (8, 1))",0.0,0.0
reservoir_T0.3,3,"((4, 1), (8, 2))",0.0,0.0
reservoir_T0.3,4,"((4, 1), (8, 3))",0.0,0.0
reservoir_T0.3,3,"((4, 2), (8, 1))",0.0,0.0
reservoir_T0.3,4,"((4, 2), (8, 2))",0.0,0.0
reservoir_T0.3,4,"((4, 3), (8, 1))",0.0,0.0
reservoir_T0.3,2,"((5, 1), (6, 1))",0.0,0.0
reservoir_T0.3,3,"((5, 1), (6, 2))",0.0,0.0
reservoir_T0.3,4,"((5, 1), (6, 3))",0.0,0.0
reservoir_T0.3,3,"((5, 2), (6, 1))",0.0,0.0
reservoir_T0.3,4,"((5, 2), (6, 2))",0.0,0.0
reservoir_T0.3,4,"((5, 3), (6, 1))",0.0,0.0
reservoir_T0.3,2,"((5, 1), (7, 1))",0.0,0.0
reservoir_T0.3,3,"((5, 1), (7, 2))",0.0,0.0
reservoir_T0.3,4,"((5, 1), (7, 3))",0.0,0.0
reservoir_T0.3,3,"((5, 2), (7, 1))",0.0,0.0
reservoir_T0.3,4,"((5, 2), (7, 2))",0.0,0.0
reservoir_T0.3,4,"((5, 3), (7, 1))",0.0,0.0
reservoir_T0.3,2,"((5, 1), (8, 1))",0.0,0.0
reservoir_T0.3,3,"((5, 1), (8, 2))",0.0,0.0
reservoir_T0.3,4,"((5, 1), (8, 3))",0.0,0.0
reservoir_T0.3,3,"((5, 2), (8, 1))",0.0,0.0
reservoir_T0.3,4,"((5, 2), (8, 2))",0.0,0.0
reservoir_T0.3,4,"((5, 3), (8, 1))",0.0,0.0
reservoir_T0.3,2,"((6, 1), (7, 1))",0.0,0.0
reservoir_T0.3,3,"((6, 1), (7, 2))",0.0,0.0
reservoir_T0.3,4,"((6, 1), (7, 3))",0.0,0.0
reservoir_T0.3,3,"((6, 2), (7, 1))",0.0,0.0
reservoir_T0.3,4,"((6, 2), (7, 2))",0.0,0.0
reservoir_T0.3,4,"((6, 3), (7, 1))",0.0,0.0
reservoir_T0.3,2,"((6, 1), (8, 1))",0.0,0.0
reservoir_T0.3,3,"((6, 1), (8, 2))",0.0,0.0
reservoir_T0.3,4,"((6, 1), (8, 3))",0.0,0.0
reservoir_T0.3,3,"((6, 2), (8, 1))",0.0,0.0
reservoir_T0.3,4,"((6, 2), (8, 2))",0.0,0.0
reservoir_T0.3,4,"((6, 3), (8, 1))",0.0,0.0
reservoir_T0.3,2,"((7, 1), (8, 1))",0.0,0.0
reservoir_T0.3,3,"((7, 1), (8, 2))",0.0,0.0
reservoir_T0.3,4,"((7, 1), (8, 3))",0.0,0.0
reservoir_T0.3,3,"((7, 2), (8, 1))",0.0,0.0
reservoir_T0.3,4,"((7, 2), (8, 2))",0.0,0.0
reservoir_T0.3,4,"((7, 3), (8, 1))",0.0,0.0
reservoir_T0.5,1,"((0, 1),)",0.205178051816175,0.205178051816175
reservoir_T0.5,2,"((0, 2),)",0.09192099951256316,0.09192099951256316
reservoir_T0.5,3,"((0, 3),)",0.0676700910272009,0.0676700910272009
reservoir_T0.5,4,"((0, 4),)",0.0,0.0
reservoir_T0.5,1,"((1, 1),)",0.0,0.0
reservoir_T0.5,2,"((1, 2),)",0.0,0.0
reservoir_T0.5,3,"((1, 3),)",0.0,0.0
reservoir_T0.5,4,"((1, 4),)",0.0,0.0
reservoir_T0.5,1,"((2, 1),)",0.0,0.0
reservoir_T0.5,2,"((2, 2),)",0.0,0.0
reservoir_T0.5,3,"((2, 3),)",0.0,0.0
reservoir_T0.5,4,"((2, 4),)",0.0,0.0
reservoir_T0.5,1,"((3, 1),)",0.0,0.0
reservoir_T0.5,2,"((3, 2),)",0.0,0.0
reservoir_T0.5,3,"((3, 3),)",0.0,0.0
reservoir_T0.5,4,"((3, 4),)",0.0,0.0
reservoir_T0.5,1,"((4, 1),)",0.0,0.0
reservoir_T0.5,2,"((4, 2),)",0.0,0.0
reservoir_T0.5,3,"((4, 3),)",0.0,0.0
reservoir_T0.5,4,"((4, 4),)",0.0,0.0
reservoir_T0.5,1,"((5, 1),)",0.0,0.0
reservoir_T0.5,2,"((5, 2),)",0.0,0.0
reservoir_T0.5,3,"((5, 3),)",0.0,0.0
reservoir_T0.5,4,"((5, 4),)",0.0,0.0
reservoir_T0.5,1,"((6, 1),)",0.0,0.0
reservoir_T0.5,2,"((6, 2),)",0.0,0.0
reservoir_T0.5,3,"((6, 3),)",0.0,0.0
reservoir_T0.5,4,"((6, 4),)",0.0,0.0
reservoir_T0.5,1,"((7, 1),)",0.0,0.0
reservoir_T0.5,2,"((7, 2),)",0.0,0.0
reservoir_T0.5,3,"((7, 3),)",0.0,0.0
reservoir_T0.5,4,"((7, 4),)",0.0,0.0
reservoir_T0.5,1,"((8, 1),)",0.0,0.0
reservoir_T0.5,2,"((8, 2),)",0.0,0.0
reservoir_T0.5,3,"((8, 3),)",0.0,0.0
reservoir_T0.5,4,"((8, 4),)",0.0,0.0
reservoir_T0.5,2,"((0, 1), (1, 1))",0.0,0.0
reservoir_T0.5,3,"((0, 1), (1, 2))",0.0,0.0
reservoir_T0.5,4,"((0, 1), (1, 3))",0.0,0.0
reservoir_T0.5,3,"((0, 2), (1, 1))",0.0,0.0
reservoir_T0.5,4,"((0, 2), (1, 2))",0.0,0.0
reservoir_T0.5,4,"((0, 3), (1, 1))",0.0,0.0
reservoir_T0.5,2,"((0, 1), (2, 1))",0.0,0.0
reservoir_T0.5,3,"((0, 1), (2, 2))",0.0,0.0
reservoir_T0.5,4,"((0, 1), (2, 3))",0.0,0.0
reservoir_T0.5,3,"((0, 2), (2, 1))",0.0,0.0
reservoir_T0.5,4,"((0, 2), (2, 2))",0.0,0.0
reservoir_T0.5,4,"((0, 3), (2, 1))",0.0,0.0
reservoir_T0.5,2,"((0, 1), (3, 1))",0.0,0.0
reservoir_T0.5,3,"((0, 1), (3, 2))",0.0,0.0
reservoir_T0.5,4,"((0, 1), (3, 3))",0.0,0.0
reservoir_T0.5,3,"((0, 2), (3, 1))",0.0,0.0
reservoir_T0.5,4,"((0, 2), (3, 2))",0.0,0.0
reservoir_T0.5,4,"((0, 3), (3, 1))",0.0,0.0
reservoir_T0.5,2,"((0, 1), (4, 1))",0.0,0.0
reservoir_T0.5,3,"((0, 1), (4, 2))",0.0,0.0
reservoir_T0.5,4,"((0, 1), (4, 3))",0.0,0.0
reservoir_T0.5,3,"((0, 2), (4, 1))",0.0,0.0
reservoir_T0.5,4,"((0, 2), (4, 2))",0.0,0.0
reservoir_T0.5,4,"((0, 3), (4, 1))",0.0,0.0
reservoir_T0.5,2,"((0, 1), (5, 1))",0.0,0.0
reservoir_T0.5,3,"((0, 1), (5, 2))",0.0,0.0
reservoir_T0.5,4,"((0, 1), (5, 3))",0.0,0.0
reservoir_T0.5,3,"((0, 2), (5, 1))",0.0,0.0
reservoir_T0.5,4,"((0, 2), (5, 2))",0.0,0.0
reservoir_T0.5,4,"((0, 3), (5, 1))",0.0,0.0
reservoir_T0.5,2,"((0, 1), (6, 1))",0.0,0.0
reservoir_T0.5,3,"((0, 1), (6, 2))",0.0,0.0
reservoir_T0.5,4,"((0, 1), (6, 3))",0.0,0.0
reservoir_T0.5,3,"((0, 2), (6, 1))",0.0,0.0
reservoir_T0.5,4,"((0, 2), (6, 2))",0.0,0.0
reservoir_T0.5,4,"((0, 3), (6, 1))",0.0,0.0
reservoir_T0.5,2,"((0, 1), (7, 1))",0.0,0.0
reservoir_T0.5,3,"((0, 1), (7, 2))",0.0,0.0
reservoir_T0.5,4,"((0, 1), (7, 3))",0.0,0.0
reservoir_T0.5,3,"((0, 2), (7, 1))",0.0,0.0
reservoir_T0.5,4,"((0, 2), (7, 2))",0.0,0.0
reservoir_T0.5,4,"((0, 3), (7, 1))",0.0,0.0
reservoir_T0.5,2,"((0, 1), (8, 1))",0.0,0.0
reservoir_T0.5,3,"((0, 1), (8, 2))",0.0,0.0
reservoir_T0.5,4,"((0, 1), (8, 3))",0.0,0.0
reservoir_T0.5,3,"((0, 2), (8, 1))",0.0,0.0
reservoir_T0.5,4,"((0, 2), (8, 2))",0.0,0.0
reservoir_T0.5,4,"((0, 3), (8, 1))",0.0,0.0
reservoir_T0.5,2,"((1, 1), (2, 1))",0.0,0.0
reservoir_T0.5,3,"((1, 1), (2, 2))",0.0,0.0
reservoir_T0.5,4,"((1, 1), (2, 3))",0.0,0.0
reservoir_T0.5,3,"((1, 2), (2, 1))",0.0,0.0
reservoir_T0.5,4,"((1, 2), (2, 2))",0.0,0.0
reservoir_T0.5,4,"((1, 3), (2, 1))",0.0,0.0
reservoir_T0.5,2,"((1, 1), (3, 1))",0.0,0.0
reservoir_T0.5,3,"((1, 1), (3, 2))",0.0,0.0
reservoir_T0.5,4,"((1, 1), (3, 3))",0.0,0.0
reservoir_T0.5,3,"((1, 2), (3, 1))",0.0,0.0
reservoir_T0.5,4,"((1, 2), (3, 2))",0.0,0.0
reservoir_T0.5,4,"((1, 3), (3, 1))",0.0,0.0
reservoir_T0.5,2,"((1, 1), (4, 1))",0.0,0.0
reservoir_T0.5,3,"((1, 1), (4, 2))",0.0,0.0
reservoir_T0.5,4,"((1, 1), (4, 3))",0.0,0.0
reservoir_T0.5,3,"((1, 2), (4, 1))",0.0,0.0
reservoir_T0.5,4,"((1, 2), (4, 2))",0.0,0.0
reservoir_T0.5,4,"((1, 3), (4, 1))",0.0,0.0
reservoir_T0.5,2,"((1, 1), (5, 1))",0.0,0.0
reservoir_T0.5,3,"((1, 1), (5, 2))",0.0,0.0
reservoir_T0.5,4,"((1, 1), (5, 3))",0.0,0.0
reservoir_T0.5,3,"((1, 2), (5, 1))",0.0,0.0
reservoir_T0.5,4,"((1, 2), (5, 2))",0.0,0.0
reservoir_T0.5,4,"((1, 3), (5, 1))",0.0,0.0
reservoir_T0.5,2,"((1, 1), (6, 1))",0.0,0.0
reservoir_T0.5,3,"((1, 1), (6, 2))",0.0,0.0
reservoir_T0.5,4,"((1, 1), (6, 3))",0.0,0.0
reservoir_T0.5,3,"((1, 2), (6, 1))",0.0,0.0
reservoir_T0.5,4,"((1, 2), (6, 2))",0.0,0.0
reservoir_T0.5,4,"((1, 3), (6, 1))",0.0,0.0
reservoir_T0.5,2,"((1, 1), (7, 1))",0.0,0.0
reservoir_T0.5,3,"((1, 1), (7, 2))",0.0,0.0
reservoir_T0.5,4,"((1, 1), (7, 3))",0.0,0.0
reservoir_T0.5,3,"((1, 2), (7, 1))",0.0,0.0
reservoir_T0.5,4,"((1, 2), (7, 2))",0.0,0.0
reservoir_T0.5,4,"((1, 3), (7, 1))",0.0,0.0
reservoir_T0.5,2,"((1, 1), (8, 1))",0.0,0.0
reservoir_T0.5,3,"((1, 1), (8, 2))",0.0,0.0
reservoir_T0.5,4,"((1, 1), (8, 3))",0.0,0.0
reservoir_T0.5,3,"((1, 2), (8, 1))",0.0,0.0
reservoir_T0.5,4,"((1, 2), (8, 2))",0.0,0.0
reservoir_T0.5,4,"((1, 3), (8, 1))",0.0,0.0
reservoir_T0.5,2,"((2, 1), (3, 1))",0.0,0.0
reservoir_T0.5,3,"((2, 1), (3, 2))",0.0,0.0
reservoir_T0.5,4,"((2, 1), (3, 3))",0.0,0.0
reservoir_T0.5,3,"((2, 2), (3, 1))",0.0,0.0
reservoir_T0.5,4,"((2, 2), (3, 2))",0.0,0.0
reservoir_T0.5,4,"((2, 3), (3, 1))",0.0,0.0
reservoir_T0.5,2,"((2, 1), (4, 1))",0.0,0.0
reservoir_T0.5,3,"((2, 1), (4, 2))",0.0,0.0
reservoir_T0.5,4,"((2, 1), (4, 3))",0.0,0.0
reservoir_T0.5,3,"((2, 2), (4, 1))",0.0,0.0
reservoir_T0.5,4,"((2, 2), (4, 2))",0.0,0.0
reservoir_T0.5,4,"((2, 3), (4, 1))",0.0,0.0
reservoir_T0.5,2,"((2, 1), (5, 1))",0.0,0.0
reservoir_T0.5,3,"((2, 1), (5, 2))",0.0,0.0
reservoir_T0.5,4,"((2, 1), (5, 3))",0.0,0.0
reservoir_T0.5,3,"((2, 2), (5, 1))",0.0,0.0
reservoir_T0.5,4,"((2, 2), (5, 2))",0.0,0.0
reservoir_T0.5,4,"((2, 3), (5, 1))",0.0,0.0
reservoir_T0.5,2,"((2, 1), (6, 1))",0.0,0.0
reservoir_T0.5,3,"((2, 1), (6, 2))",0.0,0.0
reservoir_T0.5,4,"((2, 1), (6, 3))",0.0,0.0
reservoir_T0.5,3,"((2, 2), (6, 1))",0.0,0.0
reservoir_T0.5,4,"((2, 2), (6, 2))",0.0,0.0
reservoir_T0.5,4,"((2, 3), (6, 1))",0.0,0.0
reservoir_T0.5,2,"((2, 1), (7, 1))",0.0,0.0
reservoir_T0.5,3,"((2, 1), (7, 2))",0.0,0.0
reservoir_T0.5,4,"((2, 1), (7, 3))",0.0,0.0
reservoir_T0.5,3,"((2, 2), (7, 1))",0.0,0.0
reservoir_T0.5,4,"((2, 2), (7, 2))",0.0,0.0
reservoir_T0.5,4,"((2, 3), (7, 1))",0.0,0.0
reservoir_T0.5,2,"((2, 1), (8, 1))",0.0,0.0
reservoir_T0.5,3,"((2, 1), (8, 2))",0.0,0.0
reservoir_T0.5,4,"((2, 1), (8, 3))",0.0,0.0
reservoir_T0.5,3,"((2, 2), (8, 1))",0.0,0.0
reservoir_T0.5,4,"((2, 2), (8, 2))",0.0,0.0
reservoir_T0.5,4,"((2, 3), (8, 1))",0.0,0.0
reservoir_T0.5,2,"((3, 1), (4, 1))",0.0,0.0
reservoir_T0.5,3,"((3, 1), (4, 2))",0.0,0.0
reservoir_T0.5,4,"((3, 1), (4, 3))",0.0,0.0
reservoir_T0.5,3,"((3, 2), (4, 1))",0.0,0.0
reservoir_T0.5,4,"((3, 2), (4, 2))",0.0,0.0
reservoir_T0.5,4,"((3, 3), (4, 1))",0.0,0.0
reservoir_T0.5,2,"((3, 1), (5, 1))",0.0,0.0
reservoir_T0.5,3,"((3, 1), (5, 2))",0.0,0.0
reservoir_T0.5,4,"((3, 1), (5, 3))",0.0,0.0
reservoir_T0.5,3,"((3, 2), (5, 1))",0.0,0.0
reservoir_T0.5,4,"((3, 2), (5, 2))",0.0,0.0
reservoir_T0.5,4,"((3, 3), (5, 1))",0.0,0.0
reservoir_T0.5,2,"((3, 1), (6, 1))",0.0,0.0
reservoir_T0.5,3,"((3, 1), (6, 2))",0.0,0.0
reservoir_T0.5,4,"((3, 1), (6, 3))",0.0,0.0
reservoir_T0.5,3,"((3, 2), (6, 1))",0.0,0.0
reservoir_T0.5,4,"((3, 2), (6, 2))",0.0,0.0
reservoir_T0.5,4,"((3, 3), (6, 1))",0.0,0.0
reservoir_T0.5,2,"((3, 1), (7, 1))",0.0,0.0
reservoir_T0.5,3,"((3, 1), (7, 2))",0.0,0.0
reservoir_T0.5,4,"((3, 1), (7, 3))",0.0,0.0
reservoir_T0.5,3,"((3, 2), (7, 1))",0.0,0.0
reservoir_T0.5,4,"((3, 2), (7, 2))",0.0,0.0
reservoir_T0.5,4,"((3, 3), (7, 1))",0.0,0.0
reservoir_T0.5,2,"((3, 1), (8, 1))",0.0,0.0
reservoir_T0.5,3,"((3, 1), (8, 2))",0.0,0.0
reservoir_T0.5,4,"((3, 1), (8, 3))",0.0,0.0
reservoir_T0.5,3,"((3, 2), (8, 1))",0.0,0.0
reservoir_T0.5,4,"((3, 2), (8, 2))",0.0,0.0
reservoir_T0.5,4,"((3, 3), (8, 1))",0.0,0.0
reservoir_T0.5,2,"((4, 1), (5, 1))",0.0,0.0
reservoir_T0.5,3,"((4, 1), (5, 2))",0.0,0.0
reservoir_T0.5,4,"((4, 1), (5, 3))",0.0,0.0
reservoir_T0.5,3,"((4, 2), (5, 1))",0.0,0.0
reservoir_T0.5,4,"((4, 2), (5, 2))",0.0,0.0
reservoir_T0.5,4,"((4, 3), (5, 1))",0.0,0.0
reservoir_T0.5,2,"((4, 1), (6, 1))",0.0,0.0
reservoir_T0.5,3,"((4, 1), (6, 2))",0.0,0.0
reservoir_T0.5,4,"((4, 1), (6, 3))",0.0,0.0
reservoir_T0.5,3,"((4, 2), (6, 1))",0.0,0.0
reservoir_T0.5,4,"((4, 2), (6, 2))",0.0,0.0
reservoir_T0.5,4,"((4, 3), (6, 1))",0.0,0.0
reservoir_T0.5,2,"((4, 1), (7, 1))",0.0,0.0
reservoir_T0.5,3,"((4, 1), (7, 2))",0.0,0.0
reservoir_T0.5,4,"((4, 1), (7, 3))",0.0,0.0
reservoir_T0.5,3,"((4, 2), (7, 1))",0.0,0.0
reservoir_T0.5,4,"((4, 2), (7, 2))",0.0,0.0
reservoir_T0.5,4,"((4, 3), (7, 1))",0.0,0.0
reservoir_T0.5,2,"((4, 1), (8, 1))",0.0,0.0
reservoir_T0.5,3,"((4, 1), (8, 2))",0.0,0.0
reservoir_T0.5,4,"((4, 1), (8, 3))",0.0,0.0
reservoir_T0.5,3,"((4, 2), (8, 1))",0.0,0.0
reservoir_T0.5,4,"((4, 2), (8, 2))",0.0,0.0
reservoir_T0.5,4,"((4, 3), (8, 1))",0.0,0.0
reservoir_T0.5,2,"((5, 1), (6, 1))",0.0,0.0
reservoir_T0.5,3,"((5, 1), (6, 2))",0.0,0.0
reservoir_T0.5,4,"((5, 1), (6, 3))",0.0,0.0
reservoir_T0.5,3,"((5, 2), (6, 1))",0.0,0.0
reservoir_T0.5,4,"((5, 2), (6, 2))",0.0,0.0
reservoir_T0.5,4,"((5, 3), (6, 1))",0.0,0.0
reservoir_T0.5,2,"((5, 1), (7, 1))",0.0,0.0
reservoir_T0.5,3,"((5, 1), (7, 2))",0.0,0.0
reservoir_T0.5,4,"((5, 1), (7, 3))",0.0,0.0
reservoir_T0.5,3,"((5, 2), (7, 1))",0.0,0.0
reservoir_T0.5,4,"((5, 2), (7, 2))",0.0,0.0
reservoir_T0.5,4,"((5, 3), (7, 1))",0.0,0.0
reservoir_T0.5,2,"((5, 1), (8, 1))",0.0,0.0
reservoir_T0.5,3,"((5, 1), (8, 2))",0.0,0.0
reservoir_T0.5,4,"((5, 1), (8, 3))",0.0,0.0
reservoir_T0.5,3,"((5, 2), (8, 1))",0.0,0.0
reservoir_T0.5,4,"((5, 2), (8, 2))",0.0,0.0
reservoir_T0.5,4,"((5, 3), (8, 1))",0.0,0.0
reservoir_T0.5,2,"((6, 1), (7, 1))",0.0,0.0
reservoir_T0.5,3,"((6, 1), (7, 2))",0.0,0.0
reservoir_T0.5,4,"((6, 1), (7, 3))",0.0,0.0
reservoir_T0.5,3,"((6, 2), (7, 1))",0.0,0.0
reservoir_T0.5,4,"((6, 2), (7, 2))",0.0,0.0
reservoir_T0.5,4,"((6, 3), (7, 1))",0.0,0.0
reservoir_T0.5,2,"((6, 1), (8, 1))",0.0,0.0
reservoir_T0.5,3,"((6, 1), (8, 2))",0.0,0.0
reservoir_T0.5,4,"((6, 1), (8, 3))",0.0,0.0
reservoir_T0.5,3,"((6, 2), (8, 1))",0.0,0.0
reservoir_T0.5,4,"((6, 2), (8, 2))",0.0,0.0
reservoir_T0.5,4,"((6, 3), (8, 1))",0.0,0.0
reservoir_T0.5,2,"((7, 1), (8, 1))",0.0,0.0
reservoir_T0.5,3,"((7, 1), (8, 2))",0.0,0.0
reservoir_T0.5,4,"((7, 1), (8, 3))",0.0,0.0
reservoir_T0.5,3,"((7, 2), (8, 1))",0.0,0.0
reservoir_T0.5,4,"((7, 2), (8, 2))",0.0,0.0
reservoir_T0.5,4,"((7, 3), (8, 1))",0.0,0.0
reservoir_T0.7,1,"((0, 1),)",0.1614689626854462,0.1614689626854462
reservoir_T0.7,2,"((0, 2),)",0.0,0.0
reservoir_T0.7,3,"((0, 3),)",0.07561798866568359,0.07561798866568359
reservoir_T0.7,4,"((0, 4),)",0.0,0.0
reservoir_T0.7,1,"((1, 1),)",0.0,0.0
reservoir_T0.7,2,"((1, 2),)",0.0,0.0
reservoir_T0.7,3,"((1, 3),)",0.0,0.0
reservoir_T0.7,4,"((1, 4),)",0.0,0.0
reservoir_T0.7,1,"((2, 1),)",0.0,0.0
reservoir_T0.7,2,"((2, 2),)",0.0,0.0
reservoir_T0.7,3,"((2, 3),)",0.0,0.0
reservoir_T0.7,4,"((2, 4),)",0.0,0.0
reservoir_T0.7,1,"((3, 1),)",0.0,0.0
reservoir_T0.7,2,"((3, 2),)",0.0,0.0
reservoir_T0.7,3,"((3, 3),)",0.0,0.0
reservoir_T0.7,4,"((3, 4),)",0.0,0.0
reservoir_T0.7,1,"((4, 1),)",0.0,0.0
reservoir_T0.7,2,"((4, 2),)",0.0,0.0
reservoir_T0.7,3,"((4, 3),)",0.0,0.0
reservoir_T0.7,4,"((4, 4),)",0.0,0.0
reservoir_T0.7,1,"((5, 1),)",0.0,0.0
reservoir_T0.7,2,"((5, 2),)",0.0,0.0
reservoir_T0.7,3,"((5, 3),)",0.0,0.0
reservoir_T0.7,4,"((5, 4),)",0.0,0.0
reservoir_T0.7,1,"((6, 1),)",0.0,0.0
reservoir_T0.7,2,"((6, 2),)",0.0,0.0
reservoir_T0.7,3,"((6, 3),)",0.0,0.0
reservoir_T0.7,4,"((6, 4),)",0.0,0.0
reservoir_T0.7,1,"((7, 1),)",0.0,0.0
reservoir_T0.7,2,"((7, 2),)",0.0,0.0
reservoir_T0.7,3,"((7, 3),)",0.0,0.0
reservoir_T0.7,4,"((7, 4),)",0.0,0.0
reservoir_T0.7,1,"((8, 1),)",0.0,0.0
reservoir_T0.7,2,"((8, 2),)",0.0,0.0
reservoir_T0.7,3,"((8, 3),)",0.0,0.0
reservoir_T0.7,4,"((8, 4),)",0.0,0.0
reservoir_T0.7,2,"((0, 1), (1, 1))",0.0,0.0
reservoir_T0.7,3,"((0, 1), (1, 2))",0.0,0.0
reservoir_T0.7,4,"((0, 1), (1, 3))",0.0,0.0
reservoir_T0.7,3,"((0, 2), (1, 1))",0.0,0.0
reservoir_T0.7,4,"((0, 2), (1, 2))",0.0,0.0
reservoir_T0.7,4,"((0, 3), (1, 1))",0.0,0.0
reservoir_T0.7,2,"((0, 1), (2, 1))",0.0,0.0
reservoir_T0.7,3,"((0, 1), (2, 2))",0.0,0.0
reservoir_T0.7,4,"((0, 1), (2, 3))",0.0,0.0
reservoir_T0.7,3,"((0, 2), (2, 1))",0.0,0.0
reservoir_T0.7,4,"((0, 2), (2, 2))",0.0,0.0
reservoir_T0.7,4,"((0, 3), (2, 1))",0.0,0.0
reservoir_T0.7,2,"((0, 1), (3, 1))",0.0,0.0
reservoir_T0.7,3,"((0, 1), (3, 2))",0.0,0.0
reservoir_T0.7,4,"((0, 1), (3, 3))",0.0,0.0
reservoir_T0.7,3,"((0, 2), (3, 1))",0.0,0.0
reservoir_T0.7,4,"((0, 2), (3, 2))",0.0,0.0
reservoir_T0.7,4,"((0, 3), (3, 1))",0.0,0.0
reservoir_T0.7,2,"((0, 1), (4, 1))",0.0,0.0
reservoir_T0.7,3,"((0, 1), (4, 2))",0.0,0.0
reservoir_T0.7,4,"((0, 1), (4, 3))",0.0,0.0
reservoir_T0.7,3,"((0, 2), (4, 1))",0.0,0.0
reservoir_T0.7,4,"((0, 2), (4, 2))",0.0,0.0
reservoir_T0.7,4,"((0, 3), (4, 1))",0.0,0.0
reservoir_T0.7,2,"((0, 1), (5, 1))",0.0,0.0
reservoir_T0.7,3,"((0, 1), (5, 2))",0.0,0.0
reservoir_T0.7,4,"((0, 1), (5, 3))",0.0,0.0
reservoir_T0.7,3,"((0, 2), (5, 1))",0.0,0.0
reservoir_T0.7,4,"((0, 2), (5, 2))",0.0,0.0
reservoir_T0.7,4,"((0, 3), (5, 1))",0.0,0.0
reservoir_T0.7,2,"((0, 1), (6, 1))",0.0,0.0
reservoir_T0.7,3,"((0, 1), (6, 2))",0.0,0.0
reservoir_T0.7,4,"((0, 1), (6, 3))",0.0,0.0
reservoir_T0.7,3,"((0, 2), (6, 1))",0.0,0.0
reservoir_T0.7,4,"((0, 2), (6, 2))",0.0,0.0
reservoir_T0.7,4,"((0, 3), (6, 1))",0.0,0.0
reservoir_T0.7,2,"((0, 1), (7, 1))",0.0,0.0
reservoir_T0.7,3,"((0, 1), (7, 2))",0.0,0.0
reservoir_T0.7,4,"((0, 1), (7, 3))",0.0,0.0
reservoir_T0.7,3,"((0, 2), (7, 1))",0.0,0.0
reservoir_T0.7,4,"((0, 2), (7, 2))",0.0,0.0
reservoir_T0.7,4,"((0, 3), (7, 1))",0.0,0.0
reservoir_T0.7,2,"((0, 1), (8, 1))",0.0,0.0
reservoir_T0.7,3,"((0, 1), (8, 2))",0.0,0.0
reservoir_T0.7,4,"((0, 1), (8, 3))",0.0,0.0
reservoir_T0.7,3,"((0, 2), (8, 1))",0.0,0.0
reservoir_T0.7,4,"((0, 2), (8, 2))",0.0,0.0
reservoir_T0.7,4,"((0, 3), (8, 1))",0.0,0.0
reservoir_T0.7,2,"((1, 1), (2, 1))",0.0,0.0
reservoir_T0.7,3,"((1, 1), (2, 2))",0.0,0.0
reservoir_T0.7,4,"((1, 1), (2, 3))",0.0,0.0
reservoir_T0.7,3,"((1, 2), (2, 1))",0.0,0.0
reservoir_T0.7,4,"((1, 2), (2, 2))",0.0,0.0
reservoir_T0.7,4,"((1, 3), (2, 1))",0.0,0.0
reservoir_T0.7,2,"((1, 1), (3, 1))",0.0,0.0
reservoir_T0.7,3,"((1, 1), (3, 2))",0.0,0.0
reservoir_T0.7,4,"((1, 1), (3, 3))",0.0,0.0
reservoir_T0.7,3,"((1, 2), (3, 1))",0.0,0.0
reservoir_T0.7,4,"((1, 2), (3, 2))",0.0,0.0
reservoir_T0.7,4,"((1, 3), (3, 1))",0.0,0.0
reservoir_T0.7,2,"((1, 1), (4, 1))",0.0,0.0
reservoir_T0.7,3,"((1, 1), (4, 2))",0.0,0.0
reservoir_T0.7,4,"((1, 1), (4, 3))",0.0,0.0
reservoir_T0.7,3,"((1, 2), (4, 1))",0.0,0.0
reservoir_T0.7,4,"((1, 2), (4, 2))",0.0,0.0
reservoir_T0.7,4,"((1, 3), (4, 1))",0.0,0.0
reservoir_T0.7,2,"((1, 1), (5, 1))",0.0,0.0
reservoir_T0.7,3,"((1, 1), (5, 2))",0.0,0.0
reservoir_T0.7,4,"((1, 1), (5, 3))",0.0,0.0
reservoir_T0.7,3,"((1, 2), (5, 1))",0.0,0.0
reservoir_T0.7,4,"((1, 2), (5, 2))",0.0,0.0
reservoir_T0.7,4,"((1, 3), (5, 1))",0.0,0.0
reservoir_T0.7,2,"((1, 1), (6, 1))",0.0,0.0
reservoir_T0.7,3,"((1, 1), (6, 2))",0.0,0.0
reservoir_T0.7,4,"((1, 1), (6, 3))",0.0,0.0
reservoir_T0.7,3,"((1, 2), (6, 1))",0.0,0.0
reservoir_T0.7,4,"((1, 2), (6, 2))",0.0,0.0
reservoir_T0.7,4,"((1, 3), (6, 1))",0.0,0.0
reservoir_T0.7,2,"((1, 1), (7, 1))",0.0,0.0
reservoir_T0.7,3,"((1, 1), (7, 2))",0.0,0.0
reservoir_T0.7,4,"((1, 1), (7, 3))",0.0,0.0
reservoir_T0.7,3,"((1, 2), (7, 1))",0.0,0.0
reservoir_T0.7,4,"((1, 2), (7, 2))",0.0,0.0
reservoir_T0.7,4,"((1, 3), (7, 1))",0.0,0.0
reservoir_T0.7,2,"((1, 1), (8, 1))",0.0,0.0
reservoir_T0.7,3,"((1, 1), (8, 2))",0.0,0.0
reservoir_T0.7,4,"((1, 1), (8, 3))",0.0,0.0
reservoir_T0.7,3,"((1, 2), (8, 1))",0.0,0.0
reservoir_T0.7,4,"((1, 2), (8, 2))",0.0,0.0
reservoir_T0.7,4,"((1, 3), (8, 1))",0.0,0.0
reservoir_T0.7,2,"((2, 1), (3, 1))",0.0,0.0
reservoir_T0.7,3,"((2, 1), (3, 2))",0.0,0.0
reservoir_T0.7,4,"((2, 1), (3, 3))",0.0,0.0
reservoir_T0.7,3,"((2, 2), (3, 1))",0.0,0.0
reservoir_T0.7,4,"((2, 2), (3, 2))",0.0,0.0
reservoir_T0.7,4,"((2, 3), (3, 1))",0.0,0.0
reservoir_T0.7,2,"((2, 1), (4, 1))",0.0,0.0
reservoir_T0.7,3,"((2, 1), (4, 2))",0.0,0.0
reservoir_T0.7,4,"((2, 1), (4, 3))",0.0,0.0
reservoir_T0.7,3,"((2, 2), (4, 1))",0.0,0.0
reservoir_T0.7,4,"((2, 2), (4, 2))",0.0,0.0
reservoir_T0.7,4,"((2, 3), (4, 1))",0.0,0.0
reservoir_T0.7,2,"((2, 1), (5, 1))",0.0,0.0
reservoir_T0.7,3,"((2, 1), (5, 2))",0.0,0.0
reservoir_T0.7,4,"((2, 1), (5, 3))",0.0,0.0
reservoir_T0.7,3,"((2, 2), (5, 1))",0.0,0.0
reservoir_T0.7,4,"((2, 2), (5, 2))",0.0,0.0
reservoir_T0.7,4,"((2, 3), (5, 1))",0.0,0.0
reservoir_T0.7,2,"((2, 1), (6, 1))",0.0,0.0
reservoir_T0.7,3,"((2, 1), (6, 2))",0.0,0.0
reservoir_T0.7,4,"((2, 1), (6, 3))",0.0,0.0
reservoir_T0.7,3,"((2, 2), (6, 1))",0.0,0.0
reservoir_T0.7,4,"((2, 2), (6, 2))",0.0,0.0
reservoir_T0.7,4,"((2, 3), (6, 1))",0.0,0.0
reservoir_T0.7,2,"((2, 1), (7, 1))",0.0,0.0
reservoir_T0.7,3,"((2, 1), (7, 2))",0.0,0.0
reservoir_T0.7,4,"((2, 1), (7, 3))",0.0,0.0
reservoir_T0.7,3,"((2, 2), (7, 1))",0.0,0.0
reservoir_T0.7,4,"((2, 2), (7, 2))",0.0,0.0
reservoir_T0.7,4,"((2, 3), (7, 1))",0.0,0.0
reservoir_T0.7,2,"((2, 1), (8, 1))",0.0,0.0
reservoir_T0.7,3,"((2, 1), (8, 2))",0.0,0.0
reservoir_T0.7,4,"((2, 1), (8, 3))",0.0,0.0
reservoir_T0.7,3,"((2, 2), (8, 1))",0.0,0.0
reservoir_T0.7,4,"((2, 2), (8, 2))",0.0,0.0
reservoir_T0.7,4,"((2, 3), (8, 1))",0.0,0.0
reservoir_T0.7,2,"((3, 1), (4, 1))",0.0,0.0
reservoir_T0.7,3,"((3, 1), (4, 2))",0.0,0.0
reservoir_T0.7,4,"((3, 1), (4, 3))",0.0,0.0
reservoir_T0.7,3,"((3, 2), (4, 1))",0.0,0.0
reservoir_T0.7,4,"((3, 2), (4, 2))",0.0,0.0
reservoir_T0.7,4,"((3, 3), (4, 1))",0.0,0.0
reservoir_T0.7,2,"((3, 1), (5, 1))",0.0,0.0
reservoir_T0.7,3,"((3, 1), (5, 2))",0.0,0.0
reservoir_T0.7,4,"((3, 1), (5, 3))",0.0,0.0
reservoir_T0.7,3,"((3, 2), (5, 1))",0.0,0.0
reservoir_T0.7,4,"((3, 2), (5, 2))",0.0,0.0
reservoir_T0.7,4,"((3, 3), (5, 1))",0.0,0.0
reservoir_T0.7,2,"((3, 1), (6, 1))",0.0,0.0
reservoir_T0.7,3,"((3, 1), (6, 2))",0.0,0.0
reservoir_T0.7,4,"((3, 1), (6, 3))",0.0,0.0
reservoir_T0.7,3,"((3, 2), (6, 1))",0.0,0.0
reservoir_T0.7,4,"((3, 2), (6, 2))",0.0,0.0
reservoir_T0.7,4,"((3, 3), (6, 1))",0.0,0.0
reservoir_T0.7,2,"((3, 1), (7, 1))",0.0,0.0
reservoir_T0.7,3,"((3, 1), (7, 2))",0.0,0.0
reservoir_T0.7,4,"((3, 1), (7, 3))",0.0,0.0
reservoir_T0.7,3,"((3, 2), (7, 1))",0.0,0.0
reservoir_T0.7,4,"((3, 2), (7, 2))",0.0,0.0
reservoir_T0.7,4,"((3, 3), (7, 1))",0.0,0.0
reservoir_T0.7,2,"((3, 1), (8, 1))",0.0,0.0
reservoir_T0.7,3,"((3, 1), (8, 2))",0.0,0.0
reservoir_T0.7,4,"((3, 1), (8, 3))",0.0,0.0
reservoir_T0.7,3,"((3, 2), (8, 1))",0.0,0.0
reservoir_T0.7,4,"((3, 2), (8, 2))",0.0,0.0
reservoir_T0.7,4,"((3, 3), (8, 1))",0.0,0.0
reservoir_T0.7,2,"((4, 1), (5, 1))",0.0,0.0
reservoir_T0.7,3,"((4, 1), (5, 2))",0.0,0.0
reservoir_T0.7,4,"((4, 1), (5, 3))",0.0,0.0
reservoir_T0.7,3,"((4, 2), (5, 1))",0.0,0.0
reservoir_T0.7,4,"((4, 2), (5, 2))",0.0,0.0
reservoir_T0.7,4,"((4, 3), (5, 1))",0.0,0.0
reservoir_T0.7,2,"((4, 1), (6, 1))",0.0,0.0
reservoir_T0.7,3,"((4, 1), (6, 2))",0.0,0.0
reservoir_T0.7,4,"((4, 1), (6, 3))",0.0,0.0
reservoir_T0.7,3,"((4, 2), (6, 1))",0.0,0.0
reservoir_T0.7,4,"((4, 2), (6, 2))",0.0,0.0
reservoir_T0.7,4,"((4, 3), (6, 1))",0.0,0.0
reservoir_T0.7,2,"((4, 1), (7, 1))",0.0,0.0
reservoir_T0.7,3,"((4, 1), (7, 2))",0.0,0.0
reservoir_T0.7,4,"((4, 1), (7, 3))",0.0,0.0
reservoir_T0.7,3,"((4, 2), (7, 1))",0.0,0.0
reservoir_T0.7,4,"((4, 2), (7, 2))",0.0,0.0
reservoir_T0.7,4,"((4, 3), (7, 1))",0.0,0.0
reservoir_T0.7,2,"((4, 1), (8, 1))",0.0,0.0
reservoir_T0.7,3,"((4, 1), (8, 2))",0.0,0.0
reservoir_T0.7,4,"((4, 1), (8, 3))",0.0,0.0
reservoir_T0.7,3,"((4, 2), (8, 1))",0.0,0.0
reservoir_T0.7,4,"((4, 2), (8, 2))",0.0,0.0
reservoir_T0.7,4,"((4, 3), (8, 1))",0.0,0.0
reservoir_T0.7,2,"((5, 1), (6, 1))",0.0,0.0
reservoir_T0.7,3,"((5, 1), (6, 2))",0.0,0.0
reservoir_T0.7,4,"((5, 1), (6, 3))",0.0,0.0
reservoir_T0.7,3,"((5, 2), (6, 1))",0.0,0.0
reservoir_T0.7,4,"((5, 2), (6, 2))",0.0,0.0
reservoir_T0.7,4,"((5, 3), (6, 1))",0.0,0.0
reservoir_T0.7,2,"((5, 1), (7, 1))",0.0,0.0
reservoir_T0.7,3,"((5, 1), (7, 2))",0.0,0.0
reservoir_T0.7,4,"((5, 1), (7, 3))",0.0,0.0
reservoir_T0.7,3,"((5, 2), (7, 1))",0.0,0.0
reservoir_T0.7,4,"((5, 2), (7, 2))",0.0,0.0
reservoir_T0.7,4,"((5, 3), (7, 1))",0.0,0.0
reservoir_T0.7,2,"((5, 1), (8, 1))",0.0,0.0
reservoir_T0.7,3,"((5, 1), (8, 2))",0.0,0.0
reservoir_T0.7,4,"((5, 1), (8, 3))",0.0,0.0
reservoir_T0.7,3,"((5, 2), (8, 1))",0.0,0.0
reservoir_T0.7,4,"((5, 2), (8, 2))",0.0,0.0
reservoir_T0.7,4,"((5, 3), (8, 1))",0.0,0.0
reservoir_T0.7,2,"((6, 1), (7, 1))",0.0,0.0
reservoir_T0.7,3,"((6, 1), (7, 2))",0.0,0.0
reservoir_T0.7,4,"((6, 1), (7, 3))",0.0,0.0
reservoir_T0.7,3,"((6, 2), (7, 1))",0.0,0.0
reservoir_T0.7,4,"((6, 2), (7, 2))",0.0,0.0
reservoir_T0.7,4,"((6, 3), (7, 1))",0.0,0.0
reservoir_T0.7,2,"((6, 1), (8, 1))",0.0,0.0
reservoir_T0.7,3,"((6, 1), (8, 2))",0.0,0.0
reservoir_T0.7,4,"((6, 1), (8, 3))",0.0,0.0
reservoir_T0.7,3,"((6, 2), (8, 1))",0.0,0.0
reservoir_T0.7,4,"((6, 2), (8, 2))",0.0,0.0
reservoir_T0.7,4,"((6, 3), (8, 1))",0.0,0.0
reservoir_T0.7,2,"((7, 1), (8, 1))",0.0,0.0
reservoir_T0.7,3,"((7, 1), (8, 2))",0.0,0.0
reservoir_T0.7,4,"((7, 1), (8, 3))",0.0,0.0
reservoir_T0.7,3,"((7, 2), (8, 1))",0.0,0.0
reservoir_T0.7,4,"((7, 2), (8, 2))",0.0,0.0
reservoir_T0.7,4,"((7, 3), (8, 1))",0.0,0.0
reservoir_T1.0,1,"((0, 1),)",0.18231678070382962,0.18231678070382962
reservoir_T1.0,2,"((0, 2),)",0.0,0.0
reservoir_T1.0,3,"((0, 3),)",0.0,0.0
reservoir_T1.0,4,"((0, 4),)",0.0,0.0
reservoir_T1.0,1,"((1, 1),)",0.0,0.0
reservoir_T1.0,2,"((1, 2),)",0.0,0.0
reservoir_T1.0,3,"((1, 3),)",0.0,0.0
reservoir_T1.0,4,"((1, 4),)",0.0,0.0
reservoir_T1.0,1,"((2, 1),)",0.0,0.0
reservoir_T1.0,2,"((2, 2),)",0.0,0.0
reservoir_T1.0,3,"((2, 3),)",0.0,0.0
reservoir_T1.0,4,"((2, 4),)",0.0,0.0
reservoir_T1.0,1,"((3, 1),)",0.0,0.0
reservoir_T1.0,2,"((3, 2),)",0.0,0.0
reservoir_T1.0,3,"((3, 3),)",0.0,0.0
reservoir_T1.0,4,"((3, 4),)",0.0,0.0
reservoir_T1.0,1,"((4, 1),)",0.0,0.0
reservoir_T1.0,2,"((4, 2),)",0.0,0.0
reservoir_T1.0,3,"((4, 3),)",0.0,0.0
reservoir_T1.0,4,"((4, 4),)",0.0,0.0
reservoir_T1.0,1,"((5, 1),)",0.0,0.0
reservoir_T1.0,2,"((5, 2),)",0.0,0.0
reservoir_T1.0,3,"((5, 3),)",0.0,0.0
reservoir_T1.0,4,"((5, 4),)",0.0,0.0
reservoir_T1.0,1,"((6, 1),)",0.0,0.0
reservoir_T1.0,2,"((6, 2),)",0.0,0.0
reservoir_T1.0,3,"((6, 3),)",0.0,0.0
reservoir_T1.0,4,"((6, 4),)",0.0,0.0
reservoir_T1.0,1,"((7, 1),)",0.0,0.0
reservoir_T1.0,2,"((7, 2),)",0.0,0.0
reservoir_T1.0,3,"((7, 3),)",0.0,0.0
reservoir_T1.0,4,"((7, 4),)",0.0,0.0
reservoir_T1.0,1,"((8, 1),)",0.0,0.0
reservoir_T1.0,2,"((8, 2),)",0.0,0.0
reservoir_T1.0,3,"((8, 3),)",0.0,0.0
reservoir_T1.0,4,"((8, 4),)",0.0,0.0
reservoir_T1.0,2,"((0, 1), (1, 1))",0.0,0.0
reservoir_T1.0,3,"((0, 1), (1, 2))",0.0,0.0
reservoir_T1.0,4,"((0, 1), (1, 3))",0.0,0.0
reservoir_T1.0,3,"((0, 2), (1, 1))",0.0,0.0
reservoir_T1.0,4,"((0, 2), (1, 2))",0.0,0.0
reservoir_T1.0,4,"((0, 3), (1, 1))",0.0,0.0
reservoir_T1.0,2,"((0, 1), (2, 1))",0.0,0.0
reservoir_T1.0,3,"((0, 1), (2, 2))",0.0,0.0
reservoir_T1.0,4,"((0, 1), (2, 3))",0.0,0.0
reservoir_T1.0,3,"((0, 2), (2, 1))",0.0,0.0
reservoir_T1.0,4,"((0, 2), (2, 2))",0.0,0.0
reservoir_T1.0,4,"((0, 3), (2, 1))",0.0,0.0
reservoir_T1.0,2,"((0, 1), (3, 1))",0.0,0.0
reservoir_T1.0,3,"((0, 1), (3, 2))",0.0,0.0
reservoir_T1.0,4,"((0, 1), (3, 3))",0.0,0.0
reservoir_T1.0,3,"((0, 2), (3, 1))",0.0,0.0
reservoir_T1.0,4,"((0, 2), (3, 2))",0.0,0.0
reservoir_T1.0,4,"((0, 3), (3, 1))",0.0,0.0
reservoir_T1.0,2,"((0, 1), (4, 1))",0.0,0.0
reservoir_T1.0,3,"((0, 1), (4, 2))",0.0,0.0
reservoir_T1.0,4,"((0, 1), (4, 3))",0.0,0.0
reservoir_T1.0,3,"((0, 2), (4, 1))",0.0,0.0
reservoir_T1.0,4,"((0, 2), (4, 2))",0.0,0.0
reservoir_T1.0,4,"((0, 3), (4, 1))",0.0,0.0
reservoir_T1.0,2,"((0, 1), (5, 1))",0.0,0.0
reservoir_T1.0,3,"((0, 1), (5, 2))",0.0,0.0
reservoir_T1.0,4,"((0, 1), (5, 3))",0.0,0.0
reservoir_T1.0,3,"((0, 2), (5, 1))",0.0,0.0
reservoir_T1.0,4,"((0, 2), (5, 2))",0.0,0.0
reservoir_T1.0,4,"((0, 3), (5, 1))",0.0,0.0
reservoir_T1.0,2,"((0, 1), (6, 1))",0.0,0.0
reservoir_T1.0,3,"((0, 1), (6, 2))",0.0,0.0
reservoir_T1.0,4,"((0, 1), (6, 3))",0.0,0.0
reservoir_T1.0,3,"((0, 2), (6, 1))",0.0,0.0
reservoir_T1.0,4,"((0, 2), (6, 2))",0.0,0.0
reservoir_T1.0,4,"((0, 3), (6, 1))",0.0,0.0
reservoir_T1.0,2,"((0, 1), (7, 1))",0.0,0.0
reservoir_T1.0,3,"((0, 1), (7, 2))",0.0,0.0
reservoir_T1.0,4,"((0, 1), (7, 3))",0.0,0.0
reservoir_T1.0,3,"((0, 2), (7, 1))",0.0,0.0
reservoir_T1.0,4,"((0, 2), (7, 2))",0.0,0.0
reservoir_T1.0,4,"((0, 3), (7, 1))",0.0,0.0
reservoir_T1.0,2,"((0, 1), (8, 1))",0.0,0.0
reservoir_T1.0,3,"((0, 1), (8, 2))",0.0,0.0
reservoir_T1.0,4,"((0, 1), (8, 3))",0.0,0.0
reservoir_T1.0,3,"((0, 2), (8, 1))",0.0,0.0
reservoir_T1.0,4,"((0, 2), (8, 2))",0.0,0.0
reservoir_T1.0,4,"((0, 3), (8, 1))",0.0,0.0
reservoir_T1.0,2,"((1, 1), (2, 1))",0.0,0.0
reservoir_T1.0,3,"((1, 1), (2, 2))",0.0,0.0
reservoir_T1.0,4,"((1, 1), (2, 3))",0.0,0.0
reservoir_T1.0,3,"((1, 2), (2, 1))",0.0,0.0
reservoir_T1.0,4,"((1, 2), (2, 2))",0.0,0.0
reservoir_T1.0,4,"((1, 3), (2, 1))",0.0,0.0
reservoir_T1.0,2,"((1, 1), (3, 1))",0.0,0.0
reservoir_T1.0,3,"((1, 1), (3, 2))",0.0,0.0
reservoir_T1.0,4,"((1, 1), (3, 3))",0.0,0.0
reservoir_T1.0,3,"((1, 2), (3, 1))",0.0,0.0
reservoir_T1.0,4,"((1, 2), (3, 2))",0.0,0.0
reservoir_T1.0,4,"((1, 3), (3, 1))",0.0,0.0
reservoir_T1.0,2,"((1, 1), (4, 1))",0.0,0.0
reservoir_T1.0,3,"((1, 1), (4, 2))",0.0,0.0
reservoir_T1.0,4,"((1, 1), (4, 3))",0.0,0.0
reservoir_T1.0,3,"((1, 2), (4, 1))",0.0,0.0
reservoir_T1.0,4,"((1, 2), (4, 2))",0.0,0.0
reservoir_T1.0,4,"((1, 3), (4, 1))",0.0,0.0
reservoir_T1.0,2,"((1, 1), (5, 1))",0.0,0.0
reservoir_T1.0,3,"((1, 1), (5, 2))",0.0,0.0
reservoir_T1.0,4,"((1, 1), (5, 3))",0.0,0.0
reservoir_T1.0,3,"((1, 2), (5, 1))",0.0,0.0
reservoir_T1.0,4,"((1, 2), (5, 2))",0.0,0.0
reservoir_T1.0,4,"((1, 3), (5, 1))",0.0,0.0
reservoir_T1.0,2,"((1, 1), (6, 1))",0.0,0.0
reservoir_T1.0,3,"((1, 1), (6, 2))",0.0,0.0
reservoir_T1.0,4,"((1, 1), (6, 3))",0.0,0.0
reservoir_T1.0,3,"((1, 2), (6, 1))",0.0,0.0
reservoir_T1.0,4,"((1, 2), (6, 2))",0.0,0.0
reservoir_T1.0,4,"((1, 3), (6, 1))",0.0,0.0
reservoir_T1.0,2,"((1, 1), (7, 1))",0.0,0.0
reservoir_T1.0,3,"((1, 1), (7, 2))",0.0,0.0
reservoir_T1.0,4,"((1, 1), (7, 3))",0.0,0.0
reservoir_T1.0,3,"((1, 2), (7, 1))",0.0,0.0
reservoir_T1.0,4,"((1, 2), (7, 2))",0.0,0.0
reservoir_T1.0,4,"((1, 3), (7, 1))",0.0,0.0
reservoir_T1.0,2,"((1, 1), (8, 1))",0.0,0.0
reservoir_T1.0,3,"((1, 1), (8, 2))",0.0,0.0
reservoir_T1.0,4,"((1, 1), (8, 3))",0.0,0.0
reservoir_T1.0,3,"((1, 2), (8, 1))",0.0,0.0
reservoir_T1.0,4,"((1, 2), (8, 2))",0.0,0.0
reservoir_T1.0,4,"((1, 3), (8, 1))",0.0,0.0
reservoir_T1.0,2,"((2, 1), (3, 1))",0.0,0.0
reservoir_T1.0,3,"((2, 1), (3, 2))",0.0,0.0
reservoir_T1.0,4,"((2, 1), (3, 3))",0.0,0.0
reservoir_T1.0,3,"((2, 2), (3, 1))",0.0,0.0
reservoir_T1.0,4,"((2, 2), (3, 2))",0.0,0.0
reservoir_T1.0,4,"((2, 3), (3, 1))",0.0,0.0
reservoir_T1.0,2,"((2, 1), (4, 1))",0.0,0.0
reservoir_T1.0,3,"((2, 1), (4, 2))",0.0,0.0
reservoir_T1.0,4,"((2, 1), (4, 3))",0.0,0.0
reservoir_T1.0,3,"((2, 2), (4, 1))",0.0,0.0
reservoir_T1.0,4,"((2, 2), (4, 2))",0.0,0.0
reservoir_T1.0,4,"((2, 3), (4, 1))",0.0,0.0
reservoir_T1.0,2,"((2, 1), (5, 1))",0.0,0.0
reservoir_T1.0,3,"((2, 1), (5, 2))",0.0,0.0
reservoir_T1.0,4,"((2, 1), (5, 3))",0.0,0.0
reservoir_T1.0,3,"((2, 2), (5, 1))",0.0,0.0
reservoir_T1.0,4,"((2, 2), (5, 2))",0.0,0.0
reservoir_T1.0,4,"((2, 3), (5, 1))",0.0,0.0
reservoir_T1.0,2,"((2, 1), (6, 1))",0.0,0.0
reservoir_T1.0,3,"((2, 1), (6, 2))",0.0,0.0
reservoir_T1.0,4,"((2, 1), (6, 3))",0.0,0.0
reservoir_T1.0,3,"((2, 2), (6, 1))",0.0,0.0
reservoir_T1.0,4,"((2, 2), (6, 2))",0.0,0.0
reservoir_T1.0,4,"((2, 3), (6, 1))",0.0,0.0
reservoir_T1.0,2,"((2, 1), (7, 1))",0.0,0.0
reservoir_T1.0,3,"((2, 1), (7, 2))",0.0,0.0
reservoir_T1.0,4,"((2, 1), (7, 3))",0.0,0.0
reservoir_T1.0,3,"((2, 2), (7, 1))",0.0,0.0
reservoir_T1.0,4,"((2, 2), (7, 2))",0.0,0.0
reservoir_T1.0,4,"((2, 3), (7, 1))",0.0,0.0
reservoir_T1.0,2,"((2, 1), (8, 1))",0.0,0.0
reservoir_T1.0,3,"((2, 1), (8, 2))",0.0,0.0
reservoir_T1.0,4,"((2, 1), (8, 3))",0.0,0.0
reservoir_T1.0,3,"((2, 2), (8, 1))",0.0,0.0
reservoir_T1.0,4,"((2, 2), (8, 2))",0.0,0.0
reservoir_T1.0,4,"((2, 3), (8, 1))",0.0,0.0
reservoir_T1.0,2,"((3, 1), (4, 1))",0.0,0.0
reservoir_T1.0,3,"((3, 1), (4, 2))",0.0,0.0
reservoir_T1.0,4,"((3, 1), (4, 3))",0.0,0.0
reservoir_T1.0,3,"((3, 2), (4, 1))",0.0,0.0
reservoir_T1.0,4,"((3, 2), (4, 2))",0.0,0.0
reservoir_T1.0,4,"((3, 3), (4, 1))",0.0,0.0
reservoir_T1.0,2,"((3, 1), (5, 1))",0.0,0.0
reservoir_T1.0,3,"((3, 1), (5, 2))",0.0,0.0
reservoir_T1.0,4,"((3, 1), (5, 3))",0.0,0.0
reservoir_T1.0,3,"((3, 2), (5, 1))",0.0,0.0
reservoir_T1.0,4,"((3, 2), (5, 2))",0.0,0.0
reservoir_T1.0,4,"((3, 3), (5, 1))",0.0,0.0
reservoir_T1.0,2,"((3, 1), (6, 1))",0.0,0.0
reservoir_T1.0,3,"((3, 1), (6, 2))",0.0,0.0
reservoir_T1.0,4,"((3, 1), (6, 3))",0.0,0.0
reservoir_T1.0,3,"((3, 2), (6, 1))",0.0,0.0
reservoir_T1.0,4,"((3, 2), (6, 2))",0.0,0.0
reservoir_T1.0,4,"((3, 3), (6, 1))",0.0,0.0
reservoir_T1.0,2,"((3, 1), (7, 1))",0.0,0.0
reservoir_T1.0,3,"((3, 1), (7, 2))",0.0,0.0
reservoir_T1.0,4,"((3, 1), (7, 3))",0.0,0.0
reservoir_T1.0,3,"((3, 2), (7, 1))",0.0,0.0
reservoir_T1.0,4,"((3, 2), (7, 2))",0.0,0.0
reservoir_T1.0,4,"((3, 3), (7, 1))",0.0,0.0
reservoir_T1.0,2,"((3, 1), (8, 1))",0.0,0.0
reservoir_T1.0,3,"((3, 1), (8, 2))",0.0,0.0
reservoir_T1.0,4,"((3, 1), (8, 3))",0.0,0.0
reservoir_T1.0,3,"((3, 2), (8, 1))",0.0,0.0
reservoir_T1.0,4,"((3, 2), (8, 2))",0.0,0.0
reservoir_T1.0,4,"((3, 3), (8, 1))",0.0,0.0
reservoir_T1.0,2,"((4, 1), (5, 1))",0.0,0.0
reservoir_T1.0,3,"((4, 1), (5, 2))",0.0,0.0
reservoir_T1.0,4,"((4, 1), (5, 3))",0.0,0.0
reservoir_T1.0,3,"((4, 2), (5, 1))",0.0,0.0
reservoir_T1.0,4,"((4, 2), (5, 2))",0.0,0.0
reservoir_T1.0,4,"((4, 3), (5, 1))",0.0,0.0
reservoir_T1.0,2,"((4, 1), (6, 1))",0.0,0.0
reservoir_T1.0,3,"((4, 1), (6, 2))",0.0,0.0
reservoir_T1.0,4,"((4, 1), (6, 3))",0.0,0.0
reservoir_T1.0,3,"((4, 2), (6, 1))",0.0,0.0
reservoir_T1.0,4,"((4, 2), (6, 2))",0.0,0.0
reservoir_T1.0,4,"((4, 3), (6, 1))",0.0,0.0
reservoir_T1.0,2,"((4, 1), (7, 1))",0.0,0.0
reservoir_T1.0,3,"((4, 1), (7, 2))",0.0,0.0
reservoir_T1.0,4,"((4, 1), (7, 3))",0.0,0.0
reservoir_T1.0,3,"((4, 2), (7, 1))",0.0,0.0
reservoir_T1.0,4,"((4, 2), (7, 2))",0.0,0.0
reservoir_T1.0,4,"((4, 3), (7, 1))",0.0,0.0
reservoir_T1.0,2,"((4, 1), (8, 1))",0.0,0.0
reservoir_T1.0,3,"((4, 1), (8, 2))",0.0,0.0
reservoir_T1.0,4,"((4, 1), (8, 3))",0.0,0.0
reservoir_T1.0,3,"((4, 2), (8, 1))",0.0,0.0
reservoir_T1.0,4,"((4, 2), (8, 2))",0.0,0.0
reservoir_T1.0,4,"((4, 3), (8, 1))",0.0,0.0
reservoir_T1.0,2,"((5, 1), (6, 1))",0.0,0.0
reservoir_T1.0,3,"((5, 1), (6, 2))",0.0,0.0
reservoir_T1.0,4,"((5, 1), (6, 3))",0.0,0.0
reservoir_T1.0,3,"((5, 2), (6, 1))",0.0,0.0
reservoir_T1.0,4,"((5, 2), (6, 2))",0.0,0.0
reservoir_T1.0,4,"((5, 3), (6, 1))",0.0,0.0
reservoir_T1.0,2,"((5, 1), (7, 1))",0.0,0.0
reservoir_T1.0,3,"((5, 1), (7, 2))",0.0,0.0
reservoir_T1.0,4,"((5, 1), (7, 3))",0.0,0.0
reservoir_T1.0,3,"((5, 2), (7, 1))",0.0,0.0
reservoir_T1.0,4,"((5, 2), (7, 2))",0.0,0.0
reservoir_T1.0,4,"((5, 3), (7, 1))",0.0,0.0
reservoir_T1.0,2,"((5, 1), (8, 1))",0.0,0.0
reservoir_T1.0,3,"((5, 1), (8, 2))",0.0,0.0
reservoir_T1.0,4,"((5, 1), (8, 3))",0.0,0.0
reservoir_T1.0,3,"((5, 2), (8, 1))",0.0,0.0
reservoir_T1.0,4,"((5, 2), (8, 2))",0.0,0.0
reservoir_T1.0,4,"((5, 3), (8, 1))",0.0,0.0
reservoir_T1.0,2,"((6, 1), (7, 1))",0.0,0.0
reservoir_T1.0,3,"((6, 1), (7, 2))",0.0,0.0
reservoir_T1.0,4,"((6, 1), (7, 3))",0.0,0.0
reservoir_T1.0,3,"((6, 2), (7, 1))",0.0,0.0
reservoir_T1.0,4,"((6, 2), (7, 2))",0.0,0.0
reservoir_T1.0,4,"((6, 3), (7, 1))",0.0,0.0
reservoir_T1.0,2,"((6, 1), (8, 1))",0.0,0.0
reservoir_T1.0,3,"((6, 1), (8, 2))",0.0,0.0
reservoir_T1.0,4,"((6, 1), (8, 3))",0.0,0.0
reservoir_T1.0,3,"((6, 2), (8, 1))",0.0,0.0
reservoir_T1.0,4,"((6, 2), (8, 2))",0.0,0.0
reservoir_T1.0,4,"((6, 3), (8, 1))",0.0,0.0
reservoir_T1.0,2,"((7, 1), (8, 1))",0.0,0.0
reservoir_T1.0,3,"((7, 1), (8, 2))",0.0,0.0
reservoir_T1.0,4,"((7, 1), (8, 3))",0.0,0.0
reservoir_T1.0,3,"((7, 2), (8, 1))",0.0,0.0
reservoir_T1.0,4,"((7, 2), (8, 2))",0.0,0.0
reservoir_T1.0,4,"((7, 3), (8, 1))",0.0,0.0
